INSERT INTO System.Country_Tbl (id, name, currency, minmob, maxmob, channel, priceformat, decimals, addr_lookup) VALUES (102, 'Norway', 'NOK', '1000000', '99999999', '123', '', 0, false);
INSERT INTO System.PricePoint_Tbl (id, countryid, amount) VALUES (-102, 102, -1);
INSERT INTO System.CardPricing_Tbl (pricepointid, cardid) SELECT -102, id FROM System.Card_Tbl WHERE id > 0;
INSERT INTO System.PSPCurrency_Tbl (countryid, pspid, name) VALUES (102, 9, 'NOK');
INSERT INTO System.Country_Tbl (id, name, currency, minmob, maxmob, channel, priceformat, decimals, addr_lookup) VALUES (104, 'Finland', 'EUR', '10000000', '999999999', '123', '', 0, false);
INSERT INTO System.PricePoint_Tbl (id, countryid, amount) VALUES (-104, 104, -1);
INSERT INTO System.CardPricing_Tbl (pricepointid, cardid) SELECT -104, id FROM System.Card_Tbl WHERE id > 0;
INSERT INTO System.PSPCurrency_Tbl (countryid, pspid, name) VALUES (104, 9, 'EUR');
INSERT INTO System.Country_Tbl (id, name, currency, minmob, maxmob, channel, priceformat, decimals, addr_lookup) VALUES (105, 'Greece', 'EUR', '10000000', '99999999', '123', '', 0, false);
INSERT INTO System.PricePoint_Tbl (id, countryid, amount) VALUES (-105, 105, -1);
INSERT INTO System.CardPricing_Tbl (pricepointid, cardid) SELECT -105, id FROM System.Card_Tbl WHERE id > 0;
INSERT INTO System.PSPCurrency_Tbl (countryid, pspid, name) VALUES (105, 9, 'EUR');
INSERT INTO System.Country_Tbl (id, name, currency, minmob, maxmob, channel, priceformat, decimals, addr_lookup) VALUES (106, 'Israel', 'ILS', '1000000000', '9999999999', '123', '', 0, false);
INSERT INTO System.PricePoint_Tbl (id, countryid, amount) VALUES (-106, 106, -1);
INSERT INTO System.CardPricing_Tbl (pricepointid, cardid) SELECT -106, id FROM System.Card_Tbl WHERE id > 0;
INSERT INTO System.PSPCurrency_Tbl (countryid, pspid, name) VALUES (106, 9, 'ILS');
INSERT INTO System.Country_Tbl (id, name, currency, minmob, maxmob, channel, priceformat, decimals, addr_lookup) VALUES (107, 'Italy', 'EUR', '1000000000', '9999999999', '123', '', 0, false);
INSERT INTO System.PricePoint_Tbl (id, countryid, amount) VALUES (-107, 107, -1);
INSERT INTO System.CardPricing_Tbl (pricepointid, cardid) SELECT -107, id FROM System.Card_Tbl WHERE id > 0;
INSERT INTO System.PSPCurrency_Tbl (countryid, pspid, name) VALUES (107, 9, 'EUR');
INSERT INTO System.Country_Tbl (id, name, currency, minmob, maxmob, channel, priceformat, decimals, addr_lookup) VALUES (108, 'France', 'EUR', '100000000', '999999999', '123', '', 0, false);
INSERT INTO System.PricePoint_Tbl (id, countryid, amount) VALUES (-108, 108, -1);
INSERT INTO System.CardPricing_Tbl (pricepointid, cardid) SELECT -108, id FROM System.Card_Tbl WHERE id > 0;
INSERT INTO System.PSPCurrency_Tbl (countryid, pspid, name) VALUES (108, 9, 'EUR');
INSERT INTO System.Country_Tbl (id, name, currency, minmob, maxmob, channel, priceformat, decimals, addr_lookup) VALUES (109, 'Switzerland', 'CHW', '100000000', '999999999', '123', '', 0, false);
INSERT INTO System.PricePoint_Tbl (id, countryid, amount) VALUES (-109, 109, -1);
INSERT INTO System.CardPricing_Tbl (pricepointid, cardid) SELECT -109, id FROM System.Card_Tbl WHERE id > 0;
INSERT INTO System.PSPCurrency_Tbl (countryid, pspid, name) VALUES (109, 9, 'CHW');
INSERT INTO System.Country_Tbl (id, name, currency, minmob, maxmob, channel, priceformat, decimals, addr_lookup) VALUES (110, 'Netherlands', 'EUR', '100000000', '999999999', '123', '', 0, false);
INSERT INTO System.PricePoint_Tbl (id, countryid, amount) VALUES (-110, 110, -1);
INSERT INTO System.CardPricing_Tbl (pricepointid, cardid) SELECT -110, id FROM System.Card_Tbl WHERE id > 0;
INSERT INTO System.PSPCurrency_Tbl (countryid, pspid, name) VALUES (110, 9, 'EUR');
INSERT INTO System.Country_Tbl (id, name, currency, minmob, maxmob, channel, priceformat, decimals, addr_lookup) VALUES (111, 'Belgium', 'EUR', '100000000', '999999999', '123', '', 0, false);
INSERT INTO System.PricePoint_Tbl (id, countryid, amount) VALUES (-111, 111, -1);
INSERT INTO System.CardPricing_Tbl (pricepointid, cardid) SELECT -111, id FROM System.Card_Tbl WHERE id > 0;
INSERT INTO System.PSPCurrency_Tbl (countryid, pspid, name) VALUES (111, 9, 'EUR');
INSERT INTO System.Country_Tbl (id, name, currency, minmob, maxmob, channel, priceformat, decimals, addr_lookup) VALUES (112, 'Poland', 'PLN', '100000000', '999999999', '123', '', 0, false);
INSERT INTO System.PricePoint_Tbl (id, countryid, amount) VALUES (-112, 112, -1);
INSERT INTO System.CardPricing_Tbl (pricepointid, cardid) SELECT -112, id FROM System.Card_Tbl WHERE id > 0;
INSERT INTO System.PSPCurrency_Tbl (countryid, pspid, name) VALUES (112, 9, 'PLN');
INSERT INTO System.Country_Tbl (id, name, currency, minmob, maxmob, channel, priceformat, decimals, addr_lookup) VALUES (113, 'Spain', 'EUR', '100000000', '999999999', '123', '', 0, false);
INSERT INTO System.PricePoint_Tbl (id, countryid, amount) VALUES (-113, 113, -1);
INSERT INTO System.CardPricing_Tbl (pricepointid, cardid) SELECT -113, id FROM System.Card_Tbl WHERE id > 0;
INSERT INTO System.PSPCurrency_Tbl (countryid, pspid, name) VALUES (113, 9, 'EUR');
INSERT INTO System.Country_Tbl (id, name, currency, minmob, maxmob, channel, priceformat, decimals, addr_lookup) VALUES (114, 'Austria', 'EUR', '1000', '99999999999999', '123', '', 0, false);
INSERT INTO System.PricePoint_Tbl (id, countryid, amount) VALUES (-114, 114, -1);
INSERT INTO System.CardPricing_Tbl (pricepointid, cardid) SELECT -114, id FROM System.Card_Tbl WHERE id > 0;
INSERT INTO System.PSPCurrency_Tbl (countryid, pspid, name) VALUES (114, 9, 'EUR');
INSERT INTO System.Country_Tbl (id, name, currency, minmob, maxmob, channel, priceformat, decimals, addr_lookup) VALUES (115, 'Germany', 'EUR', '1000000000', '99999999999', '123', '', 0, false);
INSERT INTO System.PricePoint_Tbl (id, countryid, amount) VALUES (-115, 115, -1);
INSERT INTO System.CardPricing_Tbl (pricepointid, cardid) SELECT -115, id FROM System.Card_Tbl WHERE id > 0;
INSERT INTO System.PSPCurrency_Tbl (countryid, pspid, name) VALUES (115, 9, 'EUR');
INSERT INTO System.Country_Tbl (id, name, currency, minmob, maxmob, channel, priceformat, decimals, addr_lookup) VALUES (116, 'Afghanistan', 'AFN', '10000000', '99999999', '123', '', 0, false);
INSERT INTO System.PricePoint_Tbl (id, countryid, amount) VALUES (-116, 116, -1);
INSERT INTO System.CardPricing_Tbl (pricepointid, cardid) SELECT -116, id FROM System.Card_Tbl WHERE id > 0;
INSERT INTO System.PSPCurrency_Tbl (countryid, pspid, name) VALUES (116, 9, 'AFN');
INSERT INTO System.Country_Tbl (id, name, currency, minmob, maxmob, channel, priceformat, decimals, addr_lookup) VALUES (117, 'Albania', 'ALL', '10000000', '99999999', '123', '', 0, false);
INSERT INTO System.PricePoint_Tbl (id, countryid, amount) VALUES (-117, 117, -1);
INSERT INTO System.CardPricing_Tbl (pricepointid, cardid) SELECT -117, id FROM System.Card_Tbl WHERE id > 0;
INSERT INTO System.PSPCurrency_Tbl (countryid, pspid, name) VALUES (117, 9, 'ALL');
INSERT INTO System.Country_Tbl (id, name, currency, minmob, maxmob, channel, priceformat, decimals, addr_lookup) VALUES (118, 'Andorra', 'EUR', '10000000', '99999999', '123', '', 0, false);
INSERT INTO System.PricePoint_Tbl (id, countryid, amount) VALUES (-118, 118, -1);
INSERT INTO System.CardPricing_Tbl (pricepointid, cardid) SELECT -118, id FROM System.Card_Tbl WHERE id > 0;
INSERT INTO System.PSPCurrency_Tbl (countryid, pspid, name) VALUES (118, 9, 'EUR');
INSERT INTO System.Country_Tbl (id, name, currency, minmob, maxmob, channel, priceformat, decimals, addr_lookup) VALUES (119, 'Armenia', 'AMD', '1000', '9999999999', '123', '', 0, false);
INSERT INTO System.PricePoint_Tbl (id, countryid, amount) VALUES (-119, 119, -1);
INSERT INTO System.CardPricing_Tbl (pricepointid, cardid) SELECT -119, id FROM System.Card_Tbl WHERE id > 0;
INSERT INTO System.PSPCurrency_Tbl (countryid, pspid, name) VALUES (119, 9, 'AMD');
INSERT INTO System.Country_Tbl (id, name, currency, minmob, maxmob, channel, priceformat, decimals, addr_lookup) VALUES (120, 'Belarus', 'BYR', '10000000', '99999999', '123', '', 0, false);
INSERT INTO System.PricePoint_Tbl (id, countryid, amount) VALUES (-120, 120, -1);
INSERT INTO System.CardPricing_Tbl (pricepointid, cardid) SELECT -120, id FROM System.Card_Tbl WHERE id > 0;
INSERT INTO System.PSPCurrency_Tbl (countryid, pspid, name) VALUES (120, 9, 'BYR');
INSERT INTO System.Country_Tbl (id, name, currency, minmob, maxmob, channel, priceformat, decimals, addr_lookup) VALUES (121, 'Bosnia and Herzegovina', 'BAM', '10000000', '99999999', '123', '', 0, false);
INSERT INTO System.PricePoint_Tbl (id, countryid, amount) VALUES (-121, 121, -1);
INSERT INTO System.CardPricing_Tbl (pricepointid, cardid) SELECT -121, id FROM System.Card_Tbl WHERE id > 0;
INSERT INTO System.PSPCurrency_Tbl (countryid, pspid, name) VALUES (121, 9, 'BAM');
INSERT INTO System.Country_Tbl (id, name, currency, minmob, maxmob, channel, priceformat, decimals, addr_lookup) VALUES (122, 'Bulgaria', 'BGN', '10000000', '99999999', '123', '', 0, false);
INSERT INTO System.PricePoint_Tbl (id, countryid, amount) VALUES (-122, 122, -1);
INSERT INTO System.CardPricing_Tbl (pricepointid, cardid) SELECT -122, id FROM System.Card_Tbl WHERE id > 0;
INSERT INTO System.PSPCurrency_Tbl (countryid, pspid, name) VALUES (122, 9, 'BGN');
INSERT INTO System.Country_Tbl (id, name, currency, minmob, maxmob, channel, priceformat, decimals, addr_lookup) VALUES (123, 'Croatia', 'HRK', '10000000', '99999999', '123', '', 0, false);
INSERT INTO System.PricePoint_Tbl (id, countryid, amount) VALUES (-123, 123, -1);
INSERT INTO System.CardPricing_Tbl (pricepointid, cardid) SELECT -123, id FROM System.Card_Tbl WHERE id > 0;
INSERT INTO System.PSPCurrency_Tbl (countryid, pspid, name) VALUES (123, 9, 'HRK');
INSERT INTO System.Country_Tbl (id, name, currency, minmob, maxmob, channel, priceformat, decimals, addr_lookup) VALUES (124, 'Cyprus', 'EUR', '10000000', '99999999', '123', '', 0, false);
INSERT INTO System.PricePoint_Tbl (id, countryid, amount) VALUES (-124, 124, -1);
INSERT INTO System.CardPricing_Tbl (pricepointid, cardid) SELECT -124, id FROM System.Card_Tbl WHERE id > 0;
INSERT INTO System.PSPCurrency_Tbl (countryid, pspid, name) VALUES (124, 9, 'EUR');
INSERT INTO System.Country_Tbl (id, name, currency, minmob, maxmob, channel, priceformat, decimals, addr_lookup) VALUES (125, 'Czech Republic', 'CZK', '10000000', '99999999', '123', '', 0, false);
INSERT INTO System.PricePoint_Tbl (id, countryid, amount) VALUES (-125, 125, -1);
INSERT INTO System.CardPricing_Tbl (pricepointid, cardid) SELECT -125, id FROM System.Card_Tbl WHERE id > 0;
INSERT INTO System.PSPCurrency_Tbl (countryid, pspid, name) VALUES (125, 9, 'CZK');
INSERT INTO System.Country_Tbl (id, name, currency, minmob, maxmob, channel, priceformat, decimals, addr_lookup) VALUES (126, 'Estonia', 'EUR', '10000000', '99999999', '123', '', 0, false);
INSERT INTO System.PricePoint_Tbl (id, countryid, amount) VALUES (-126, 126, -1);
INSERT INTO System.CardPricing_Tbl (pricepointid, cardid) SELECT -126, id FROM System.Card_Tbl WHERE id > 0;
INSERT INTO System.PSPCurrency_Tbl (countryid, pspid, name) VALUES (126, 9, 'EUR');
INSERT INTO System.Country_Tbl (id, name, currency, minmob, maxmob, channel, priceformat, decimals, addr_lookup) VALUES (127, 'Faroe Islands', 'DKK', '10000000', '99999999', '123', '', 0, false);
INSERT INTO System.PricePoint_Tbl (id, countryid, amount) VALUES (-127, 127, -1);
INSERT INTO System.CardPricing_Tbl (pricepointid, cardid) SELECT -127, id FROM System.Card_Tbl WHERE id > 0;
INSERT INTO System.PSPCurrency_Tbl (countryid, pspid, name) VALUES (127, 9, 'DKK');
INSERT INTO System.Country_Tbl (id, name, currency, minmob, maxmob, channel, priceformat, decimals, addr_lookup) VALUES (128, 'Georgia', 'GBP', '10000000', '99999999', '123', '', 0, false);
INSERT INTO System.PricePoint_Tbl (id, countryid, amount) VALUES (-128, 128, -1);
INSERT INTO System.CardPricing_Tbl (pricepointid, cardid) SELECT -128, id FROM System.Card_Tbl WHERE id > 0;
INSERT INTO System.PSPCurrency_Tbl (countryid, pspid, name) VALUES (128, 9, 'GBP');
INSERT INTO System.Country_Tbl (id, name, currency, minmob, maxmob, channel, priceformat, decimals, addr_lookup) VALUES (129, 'Gibraltar', 'GIP', '10000000', '99999999', '123', '', 0, false);
INSERT INTO System.PricePoint_Tbl (id, countryid, amount) VALUES (-129, 129, -1);
INSERT INTO System.CardPricing_Tbl (pricepointid, cardid) SELECT -129, id FROM System.Card_Tbl WHERE id > 0;
INSERT INTO System.PSPCurrency_Tbl (countryid, pspid, name) VALUES (129, 9, 'GIP');
INSERT INTO System.Country_Tbl (id, name, currency, minmob, maxmob, channel, priceformat, decimals, addr_lookup) VALUES (130, 'Greenland', 'DKK', '10000000', '99999999', '123', '', 0, false);
INSERT INTO System.PricePoint_Tbl (id, countryid, amount) VALUES (-130, 130, -1);
INSERT INTO System.CardPricing_Tbl (pricepointid, cardid) SELECT -130, id FROM System.Card_Tbl WHERE id > 0;
INSERT INTO System.PSPCurrency_Tbl (countryid, pspid, name) VALUES (130, 9, 'DKK');
INSERT INTO System.Country_Tbl (id, name, currency, minmob, maxmob, channel, priceformat, decimals, addr_lookup) VALUES (131, 'Hungary', 'HUF', '10000000', '99999999', '123', '', 0, false);
INSERT INTO System.PricePoint_Tbl (id, countryid, amount) VALUES (-131, 131, -1);
INSERT INTO System.CardPricing_Tbl (pricepointid, cardid) SELECT -131, id FROM System.Card_Tbl WHERE id > 0;
INSERT INTO System.PSPCurrency_Tbl (countryid, pspid, name) VALUES (131, 9, 'HUF');
INSERT INTO System.Country_Tbl (id, name, currency, minmob, maxmob, channel, priceformat, decimals, addr_lookup) VALUES (132, 'Iceland', 'ISK', '10000000', '99999999', '123', '', 0, false);
INSERT INTO System.PricePoint_Tbl (id, countryid, amount) VALUES (-132, 132, -1);
INSERT INTO System.CardPricing_Tbl (pricepointid, cardid) SELECT -132, id FROM System.Card_Tbl WHERE id > 0;
INSERT INTO System.PSPCurrency_Tbl (countryid, pspid, name) VALUES (132, 9, 'ISK');
INSERT INTO System.Country_Tbl (id, name, currency, minmob, maxmob, channel, priceformat, decimals, addr_lookup) VALUES (133, 'Ireland', 'EUR', '10000000', '99999999', '123', '', 0, false);
INSERT INTO System.PricePoint_Tbl (id, countryid, amount) VALUES (-133, 133, -1);
INSERT INTO System.CardPricing_Tbl (pricepointid, cardid) SELECT -133, id FROM System.Card_Tbl WHERE id > 0;
INSERT INTO System.PSPCurrency_Tbl (countryid, pspid, name) VALUES (133, 9, 'EUR');
INSERT INTO System.Country_Tbl (id, name, currency, minmob, maxmob, channel, priceformat, decimals, addr_lookup) VALUES (134, 'Isle of Man', 'GBP', '1000', '9999999999', '123', '', 0, false);
INSERT INTO System.PricePoint_Tbl (id, countryid, amount) VALUES (-134, 134, -1);
INSERT INTO System.CardPricing_Tbl (pricepointid, cardid) SELECT -134, id FROM System.Card_Tbl WHERE id > 0;
INSERT INTO System.PSPCurrency_Tbl (countryid, pspid, name) VALUES (134, 9, 'GBP');
INSERT INTO System.Country_Tbl (id, name, currency, minmob, maxmob, channel, priceformat, decimals, addr_lookup) VALUES (135, 'Latvia', 'LVL', '10000000', '99999999', '123', '', 0, false);
INSERT INTO System.PricePoint_Tbl (id, countryid, amount) VALUES (-135, 135, -1);
INSERT INTO System.CardPricing_Tbl (pricepointid, cardid) SELECT -135, id FROM System.Card_Tbl WHERE id > 0;
INSERT INTO System.PSPCurrency_Tbl (countryid, pspid, name) VALUES (135, 9, 'LVL');
INSERT INTO System.Country_Tbl (id, name, currency, minmob, maxmob, channel, priceformat, decimals, addr_lookup) VALUES (136, 'Liechtenstein', 'CHF', '10000000', '99999999', '123', '', 0, false);
INSERT INTO System.PricePoint_Tbl (id, countryid, amount) VALUES (-136, 136, -1);
INSERT INTO System.CardPricing_Tbl (pricepointid, cardid) SELECT -136, id FROM System.Card_Tbl WHERE id > 0;
INSERT INTO System.PSPCurrency_Tbl (countryid, pspid, name) VALUES (136, 9, 'CHF');
INSERT INTO System.Country_Tbl (id, name, currency, minmob, maxmob, channel, priceformat, decimals, addr_lookup) VALUES (137, 'Lithuania', 'LTL', '10000000', '99999999', '123', '', 0, false);
INSERT INTO System.PricePoint_Tbl (id, countryid, amount) VALUES (-137, 137, -1);
INSERT INTO System.CardPricing_Tbl (pricepointid, cardid) SELECT -137, id FROM System.Card_Tbl WHERE id > 0;
INSERT INTO System.PSPCurrency_Tbl (countryid, pspid, name) VALUES (137, 9, 'LTL');
INSERT INTO System.Country_Tbl (id, name, currency, minmob, maxmob, channel, priceformat, decimals, addr_lookup) VALUES (138, 'Luxembourg', 'EUR', '10000000', '99999999', '123', '', 0, false);
INSERT INTO System.PricePoint_Tbl (id, countryid, amount) VALUES (-138, 138, -1);
INSERT INTO System.CardPricing_Tbl (pricepointid, cardid) SELECT -138, id FROM System.Card_Tbl WHERE id > 0;
INSERT INTO System.PSPCurrency_Tbl (countryid, pspid, name) VALUES (138, 9, 'EUR');
INSERT INTO System.Country_Tbl (id, name, currency, minmob, maxmob, channel, priceformat, decimals, addr_lookup) VALUES (139, 'Malta', 'EUR', '10000000', '99999999', '123', '', 0, false);
INSERT INTO System.PricePoint_Tbl (id, countryid, amount) VALUES (-139, 139, -1);
INSERT INTO System.CardPricing_Tbl (pricepointid, cardid) SELECT -139, id FROM System.Card_Tbl WHERE id > 0;
INSERT INTO System.PSPCurrency_Tbl (countryid, pspid, name) VALUES (139, 9, 'EUR');
INSERT INTO System.Country_Tbl (id, name, currency, minmob, maxmob, channel, priceformat, decimals, addr_lookup) VALUES (140, 'Moldova', 'MDL', '10000000', '99999999', '123', '', 0, false);
INSERT INTO System.PricePoint_Tbl (id, countryid, amount) VALUES (-140, 140, -1);
INSERT INTO System.CardPricing_Tbl (pricepointid, cardid) SELECT -140, id FROM System.Card_Tbl WHERE id > 0;
INSERT INTO System.PSPCurrency_Tbl (countryid, pspid, name) VALUES (140, 9, 'MDL');
INSERT INTO System.Country_Tbl (id, name, currency, minmob, maxmob, channel, priceformat, decimals, addr_lookup) VALUES (141, 'Monaco', 'EUR', '1000', '9999999999', '123', '', 0, false);
INSERT INTO System.PricePoint_Tbl (id, countryid, amount) VALUES (-141, 141, -1);
INSERT INTO System.CardPricing_Tbl (pricepointid, cardid) SELECT -141, id FROM System.Card_Tbl WHERE id > 0;
INSERT INTO System.PSPCurrency_Tbl (countryid, pspid, name) VALUES (141, 9, 'EUR');
INSERT INTO System.Country_Tbl (id, name, currency, minmob, maxmob, channel, priceformat, decimals, addr_lookup) VALUES (142, 'Montenegro', 'EUR', '1000', '9999999999', '123', '', 0, false);
INSERT INTO System.PricePoint_Tbl (id, countryid, amount) VALUES (-142, 142, -1);
INSERT INTO System.CardPricing_Tbl (pricepointid, cardid) SELECT -142, id FROM System.Card_Tbl WHERE id > 0;
INSERT INTO System.PSPCurrency_Tbl (countryid, pspid, name) VALUES (142, 9, 'EUR');
INSERT INTO System.Country_Tbl (id, name, currency, minmob, maxmob, channel, priceformat, decimals, addr_lookup) VALUES (143, 'Republic of Macedonia', 'MKD', '1000', '9999999999', '123', '', 0, false);
INSERT INTO System.PricePoint_Tbl (id, countryid, amount) VALUES (-143, 143, -1);
INSERT INTO System.CardPricing_Tbl (pricepointid, cardid) SELECT -143, id FROM System.Card_Tbl WHERE id > 0;
INSERT INTO System.PSPCurrency_Tbl (countryid, pspid, name) VALUES (143, 9, 'MKD');
INSERT INTO System.Country_Tbl (id, name, currency, minmob, maxmob, channel, priceformat, decimals, addr_lookup) VALUES (144, 'Monserrat', 'XCD', '1000', '9999999999', '123', '', 0, false);
INSERT INTO System.PricePoint_Tbl (id, countryid, amount) VALUES (-144, 144, -1);
INSERT INTO System.CardPricing_Tbl (pricepointid, cardid) SELECT -144, id FROM System.Card_Tbl WHERE id > 0;
INSERT INTO System.PSPCurrency_Tbl (countryid, pspid, name) VALUES (144, 9, 'XCD');
INSERT INTO System.Country_Tbl (id, name, currency, minmob, maxmob, channel, priceformat, decimals, addr_lookup) VALUES (145, 'St. Pierre and Miquelon', 'EUR', '1000', '9999999999', '123', '', 0, false);
INSERT INTO System.PricePoint_Tbl (id, countryid, amount) VALUES (-145, 145, -1);
INSERT INTO System.CardPricing_Tbl (pricepointid, cardid) SELECT -145, id FROM System.Card_Tbl WHERE id > 0;
INSERT INTO System.PSPCurrency_Tbl (countryid, pspid, name) VALUES (145, 9, 'EUR');
INSERT INTO System.Country_Tbl (id, name, currency, minmob, maxmob, channel, priceformat, decimals, addr_lookup) VALUES (146, 'Palestinian Territory', 'NIS', '1000', '9999999999', '123', '', 0, false);
INSERT INTO System.PricePoint_Tbl (id, countryid, amount) VALUES (-146, 146, -1);
INSERT INTO System.CardPricing_Tbl (pricepointid, cardid) SELECT -146, id FROM System.Card_Tbl WHERE id > 0;
INSERT INTO System.PSPCurrency_Tbl (countryid, pspid, name) VALUES (146, 9, 'NIS');
INSERT INTO System.Country_Tbl (id, name, currency, minmob, maxmob, channel, priceformat, decimals, addr_lookup) VALUES (147, 'Portugal', 'EUR', '1000', '9999999999', '123', '', 0, false);
INSERT INTO System.PricePoint_Tbl (id, countryid, amount) VALUES (-147, 147, -1);
INSERT INTO System.CardPricing_Tbl (pricepointid, cardid) SELECT -147, id FROM System.Card_Tbl WHERE id > 0;
INSERT INTO System.PSPCurrency_Tbl (countryid, pspid, name) VALUES (147, 9, 'EUR');
INSERT INTO System.Country_Tbl (id, name, currency, minmob, maxmob, channel, priceformat, decimals, addr_lookup) VALUES (148, 'Kosovo', 'EUR', '1000', '9999999999', '123', '', 0, false);
INSERT INTO System.PricePoint_Tbl (id, countryid, amount) VALUES (-148, 148, -1);
INSERT INTO System.CardPricing_Tbl (pricepointid, cardid) SELECT -148, id FROM System.Card_Tbl WHERE id > 0;
INSERT INTO System.PSPCurrency_Tbl (countryid, pspid, name) VALUES (148, 9, 'EUR');
INSERT INTO System.Country_Tbl (id, name, currency, minmob, maxmob, channel, priceformat, decimals, addr_lookup) VALUES (149, 'Romania', 'RON', '1000', '9999999999', '123', '', 0, false);
INSERT INTO System.PricePoint_Tbl (id, countryid, amount) VALUES (-149, 149, -1);
INSERT INTO System.CardPricing_Tbl (pricepointid, cardid) SELECT -149, id FROM System.Card_Tbl WHERE id > 0;
INSERT INTO System.PSPCurrency_Tbl (countryid, pspid, name) VALUES (149, 9, 'RON');
INSERT INTO System.Country_Tbl (id, name, currency, minmob, maxmob, channel, priceformat, decimals, addr_lookup) VALUES (150, 'Republic of Serbia', 'RSD', '1000', '9999999999', '123', '', 0, false);
INSERT INTO System.PricePoint_Tbl (id, countryid, amount) VALUES (-150, 150, -1);
INSERT INTO System.CardPricing_Tbl (pricepointid, cardid) SELECT -150, id FROM System.Card_Tbl WHERE id > 0;
INSERT INTO System.PSPCurrency_Tbl (countryid, pspid, name) VALUES (150, 9, 'RSD');
INSERT INTO System.Country_Tbl (id, name, currency, minmob, maxmob, channel, priceformat, decimals, addr_lookup) VALUES (151, 'San Marino', 'EUR', '1000', '9999999999', '123', '', 0, false);
INSERT INTO System.PricePoint_Tbl (id, countryid, amount) VALUES (-151, 151, -1);
INSERT INTO System.CardPricing_Tbl (pricepointid, cardid) SELECT -151, id FROM System.Card_Tbl WHERE id > 0;
INSERT INTO System.PSPCurrency_Tbl (countryid, pspid, name) VALUES (151, 9, 'EUR');
INSERT INTO System.Country_Tbl (id, name, currency, minmob, maxmob, channel, priceformat, decimals, addr_lookup) VALUES (152, 'Slovakia', 'EUR', '1000', '9999999999', '123', '', 0, false);
INSERT INTO System.PricePoint_Tbl (id, countryid, amount) VALUES (-152, 152, -1);
INSERT INTO System.CardPricing_Tbl (pricepointid, cardid) SELECT -152, id FROM System.Card_Tbl WHERE id > 0;
INSERT INTO System.PSPCurrency_Tbl (countryid, pspid, name) VALUES (152, 9, 'EUR');
INSERT INTO System.Country_Tbl (id, name, currency, minmob, maxmob, channel, priceformat, decimals, addr_lookup) VALUES (153, 'Slovenia', 'EUR', '1000', '9999999999', '123', '', 0, false);
INSERT INTO System.PricePoint_Tbl (id, countryid, amount) VALUES (-153, 153, -1);
INSERT INTO System.CardPricing_Tbl (pricepointid, cardid) SELECT -153, id FROM System.Card_Tbl WHERE id > 0;
INSERT INTO System.PSPCurrency_Tbl (countryid, pspid, name) VALUES (153, 9, 'EUR');
INSERT INTO System.Country_Tbl (id, name, currency, minmob, maxmob, channel, priceformat, decimals, addr_lookup) VALUES (154, 'Turkey', 'TRY', '1000', '9999999999', '123', '', 0, false);
INSERT INTO System.PricePoint_Tbl (id, countryid, amount) VALUES (-154, 154, -1);
INSERT INTO System.CardPricing_Tbl (pricepointid, cardid) SELECT -154, id FROM System.Card_Tbl WHERE id > 0;
INSERT INTO System.PSPCurrency_Tbl (countryid, pspid, name) VALUES (154, 9, 'TRY');
INSERT INTO System.Country_Tbl (id, name, currency, minmob, maxmob, channel, priceformat, decimals, addr_lookup) VALUES (155, 'Ukraine', 'UAH', '1000', '9999999999', '123', '', 0, false);
INSERT INTO System.PricePoint_Tbl (id, countryid, amount) VALUES (-155, 155, -1);
INSERT INTO System.CardPricing_Tbl (pricepointid, cardid) SELECT -155, id FROM System.Card_Tbl WHERE id > 0;
INSERT INTO System.PSPCurrency_Tbl (countryid, pspid, name) VALUES (155, 9, 'UAH');
INSERT INTO System.Country_Tbl (id, name, currency, minmob, maxmob, channel, priceformat, decimals, addr_lookup) VALUES (156, 'Vatican City State', 'EUR', '1000', '9999999999', '123', '', 0, false);
INSERT INTO System.PricePoint_Tbl (id, countryid, amount) VALUES (-156, 156, -1);
INSERT INTO System.CardPricing_Tbl (pricepointid, cardid) SELECT -156, id FROM System.Card_Tbl WHERE id > 0;
INSERT INTO System.PSPCurrency_Tbl (countryid, pspid, name) VALUES (156, 9, 'EUR');
INSERT INTO System.Country_Tbl (id, name, currency, minmob, maxmob, channel, priceformat, decimals, addr_lookup) VALUES (201, 'Mexico', 'MXV', '1000000000', '9999999999', '123', '', 0, false);
INSERT INTO System.PricePoint_Tbl (id, countryid, amount) VALUES (-201, 201, -1);
INSERT INTO System.CardPricing_Tbl (pricepointid, cardid) SELECT -201, id FROM System.Card_Tbl WHERE id > 0;
INSERT INTO System.PSPCurrency_Tbl (countryid, pspid, name) VALUES (201, 9, 'MXV');
INSERT INTO System.Country_Tbl (id, name, currency, minmob, maxmob, channel, priceformat, decimals, addr_lookup) VALUES (202, 'Canada', 'CAD', '1000000000', '9999999999', '123', '', 0, false);
INSERT INTO System.PricePoint_Tbl (id, countryid, amount) VALUES (-202, 202, -1);
INSERT INTO System.CardPricing_Tbl (pricepointid, cardid) SELECT -202, id FROM System.Card_Tbl WHERE id > 0;
INSERT INTO System.PSPCurrency_Tbl (countryid, pspid, name) VALUES (202, 9, 'CAD');
INSERT INTO System.Country_Tbl (id, name, currency, minmob, maxmob, channel, priceformat, decimals, addr_lookup) VALUES (203, 'Anguilla', 'XCD', '10000000', '99999999', '123', '', 0, false);
INSERT INTO System.PricePoint_Tbl (id, countryid, amount) VALUES (-203, 203, -1);
INSERT INTO System.CardPricing_Tbl (pricepointid, cardid) SELECT -203, id FROM System.Card_Tbl WHERE id > 0;
INSERT INTO System.PSPCurrency_Tbl (countryid, pspid, name) VALUES (203, 9, 'XCD');
INSERT INTO System.Country_Tbl (id, name, currency, minmob, maxmob, channel, priceformat, decimals, addr_lookup) VALUES (204, 'Antigua and Barbuda', 'XCD', '10000000', '99999999', '123', '', 0, false);
INSERT INTO System.PricePoint_Tbl (id, countryid, amount) VALUES (-204, 204, -1);
INSERT INTO System.CardPricing_Tbl (pricepointid, cardid) SELECT -204, id FROM System.Card_Tbl WHERE id > 0;
INSERT INTO System.PSPCurrency_Tbl (countryid, pspid, name) VALUES (204, 9, 'XCD');
INSERT INTO System.Country_Tbl (id, name, currency, minmob, maxmob, channel, priceformat, decimals, addr_lookup) VALUES (205, 'Barbados', 'BBD', '10000000', '99999999', '123', '', 0, false);
INSERT INTO System.PricePoint_Tbl (id, countryid, amount) VALUES (-205, 205, -1);
INSERT INTO System.CardPricing_Tbl (pricepointid, cardid) SELECT -205, id FROM System.Card_Tbl WHERE id > 0;
INSERT INTO System.PSPCurrency_Tbl (countryid, pspid, name) VALUES (205, 9, 'BBD');
INSERT INTO System.Country_Tbl (id, name, currency, minmob, maxmob, channel, priceformat, decimals, addr_lookup) VALUES (206, 'British Virgin Islands', 'USD', '10000000', '99999999', '123', '', 0, false);
INSERT INTO System.PricePoint_Tbl (id, countryid, amount) VALUES (-206, 206, -1);
INSERT INTO System.CardPricing_Tbl (pricepointid, cardid) SELECT -206, id FROM System.Card_Tbl WHERE id > 0;
INSERT INTO System.PSPCurrency_Tbl (countryid, pspid, name) VALUES (206, 9, 'USD');
INSERT INTO System.Country_Tbl (id, name, currency, minmob, maxmob, channel, priceformat, decimals, addr_lookup) VALUES (207, 'Cayman Islands', 'KYD', '10000000', '99999999', '123', '', 0, false);
INSERT INTO System.PricePoint_Tbl (id, countryid, amount) VALUES (-207, 207, -1);
INSERT INTO System.CardPricing_Tbl (pricepointid, cardid) SELECT -207, id FROM System.Card_Tbl WHERE id > 0;
INSERT INTO System.PSPCurrency_Tbl (countryid, pspid, name) VALUES (207, 9, 'KYD');
INSERT INTO System.Country_Tbl (id, name, currency, minmob, maxmob, channel, priceformat, decimals, addr_lookup) VALUES (208, 'Cuba', 'CUP', '1000000000', '9999999999', '123', '', 0, false);
INSERT INTO System.PricePoint_Tbl (id, countryid, amount) VALUES (-208, 208, -1);
INSERT INTO System.CardPricing_Tbl (pricepointid, cardid) SELECT -208, id FROM System.Card_Tbl WHERE id > 0;
INSERT INTO System.PSPCurrency_Tbl (countryid, pspid, name) VALUES (208, 9, 'CUP');
INSERT INTO System.Country_Tbl (id, name, currency, minmob, maxmob, channel, priceformat, decimals, addr_lookup) VALUES (209, 'Dominican Republic', 'DOP', '1000000000', '9999999999', '123', '', 0, false);
INSERT INTO System.PricePoint_Tbl (id, countryid, amount) VALUES (-209, 209, -1);
INSERT INTO System.CardPricing_Tbl (pricepointid, cardid) SELECT -209, id FROM System.Card_Tbl WHERE id > 0;
INSERT INTO System.PSPCurrency_Tbl (countryid, pspid, name) VALUES (209, 9, 'DOP');
INSERT INTO System.Country_Tbl (id, name, currency, minmob, maxmob, channel, priceformat, decimals, addr_lookup) VALUES (210, 'Guadeloupe', 'EUR', '10000000', '99999999', '123', '', 0, false);
INSERT INTO System.PricePoint_Tbl (id, countryid, amount) VALUES (-210, 210, -1);
INSERT INTO System.CardPricing_Tbl (pricepointid, cardid) SELECT -210, id FROM System.Card_Tbl WHERE id > 0;
INSERT INTO System.PSPCurrency_Tbl (countryid, pspid, name) VALUES (210, 9, 'EUR');
INSERT INTO System.Country_Tbl (id, name, currency, minmob, maxmob, channel, priceformat, decimals, addr_lookup) VALUES (211, 'Haiti', 'USD', '10000000', '99999999', '123', '', 0, false);
INSERT INTO System.PricePoint_Tbl (id, countryid, amount) VALUES (-211, 211, -1);
INSERT INTO System.CardPricing_Tbl (pricepointid, cardid) SELECT -211, id FROM System.Card_Tbl WHERE id > 0;
INSERT INTO System.PSPCurrency_Tbl (countryid, pspid, name) VALUES (211, 9, 'USD');
INSERT INTO System.Country_Tbl (id, name, currency, minmob, maxmob, channel, priceformat, decimals, addr_lookup) VALUES (212, 'Jamaica', 'JMD', '10000000', '99999999', '123', '', 0, false);
INSERT INTO System.PricePoint_Tbl (id, countryid, amount) VALUES (-212, 212, -1);
INSERT INTO System.CardPricing_Tbl (pricepointid, cardid) SELECT -212, id FROM System.Card_Tbl WHERE id > 0;
INSERT INTO System.PSPCurrency_Tbl (countryid, pspid, name) VALUES (212, 9, 'JMD');
INSERT INTO System.Country_Tbl (id, name, currency, minmob, maxmob, channel, priceformat, decimals, addr_lookup) VALUES (213, 'American Samoa', 'USD', '1000', '9999999999', '123', '', 0, false);
INSERT INTO System.PricePoint_Tbl (id, countryid, amount) VALUES (-213, 213, -1);
INSERT INTO System.CardPricing_Tbl (pricepointid, cardid) SELECT -213, id FROM System.Card_Tbl WHERE id > 0;
INSERT INTO System.PSPCurrency_Tbl (countryid, pspid, name) VALUES (213, 9, 'USD');
INSERT INTO System.Country_Tbl (id, name, currency, minmob, maxmob, channel, priceformat, decimals, addr_lookup) VALUES (214, 'Bermuda', 'BMD', '1000', '9999999999', '123', '', 0, false);
INSERT INTO System.PricePoint_Tbl (id, countryid, amount) VALUES (-214, 214, -1);
INSERT INTO System.CardPricing_Tbl (pricepointid, cardid) SELECT -214, id FROM System.Card_Tbl WHERE id > 0;
INSERT INTO System.PSPCurrency_Tbl (countryid, pspid, name) VALUES (214, 9, 'BMD');
INSERT INTO System.Country_Tbl (id, name, currency, minmob, maxmob, channel, priceformat, decimals, addr_lookup) VALUES (215, 'Bahamas', 'BSD', '1000', '9999999999', '123', '', 0, false);
INSERT INTO System.PricePoint_Tbl (id, countryid, amount) VALUES (-215, 215, -1);
INSERT INTO System.CardPricing_Tbl (pricepointid, cardid) SELECT -215, id FROM System.Card_Tbl WHERE id > 0;
INSERT INTO System.PSPCurrency_Tbl (countryid, pspid, name) VALUES (215, 9, 'BSD');
INSERT INTO System.Country_Tbl (id, name, currency, minmob, maxmob, channel, priceformat, decimals, addr_lookup) VALUES (216, 'Johnston Island', 'USD', '1000', '9999999999', '123', '', 0, false);
INSERT INTO System.PricePoint_Tbl (id, countryid, amount) VALUES (-216, 216, -1);
INSERT INTO System.CardPricing_Tbl (pricepointid, cardid) SELECT -216, id FROM System.Card_Tbl WHERE id > 0;
INSERT INTO System.PSPCurrency_Tbl (countryid, pspid, name) VALUES (216, 9, 'USD');
INSERT INTO System.Country_Tbl (id, name, currency, minmob, maxmob, channel, priceformat, decimals, addr_lookup) VALUES (217, 'Midway Island', 'USD', '1000', '9999999999', '123', '', 0, false);
INSERT INTO System.PricePoint_Tbl (id, countryid, amount) VALUES (-217, 217, -1);
INSERT INTO System.CardPricing_Tbl (pricepointid, cardid) SELECT -217, id FROM System.Card_Tbl WHERE id > 0;
INSERT INTO System.PSPCurrency_Tbl (countryid, pspid, name) VALUES (217, 9, 'USD');
INSERT INTO System.Country_Tbl (id, name, currency, minmob, maxmob, channel, priceformat, decimals, addr_lookup) VALUES (218, 'United States Minor Outlying Islands', 'USD', '1000', '9999999999', '123', '', 0, false);
INSERT INTO System.PricePoint_Tbl (id, countryid, amount) VALUES (-218, 218, -1);
INSERT INTO System.CardPricing_Tbl (pricepointid, cardid) SELECT -218, id FROM System.Card_Tbl WHERE id > 0;
INSERT INTO System.PSPCurrency_Tbl (countryid, pspid, name) VALUES (218, 9, 'USD');
INSERT INTO System.Country_Tbl (id, name, currency, minmob, maxmob, channel, priceformat, decimals, addr_lookup) VALUES (300, 'Algeria', 'DZD', '10000000', '99999999', '123', '', 0, false);
INSERT INTO System.PricePoint_Tbl (id, countryid, amount) VALUES (-300, 300, -1);
INSERT INTO System.CardPricing_Tbl (pricepointid, cardid) SELECT -300, id FROM System.Card_Tbl WHERE id > 0;
INSERT INTO System.PSPCurrency_Tbl (countryid, pspid, name) VALUES (300, 9, 'DZD');
INSERT INTO System.Country_Tbl (id, name, currency, minmob, maxmob, channel, priceformat, decimals, addr_lookup) VALUES (301, 'Angola', 'AOA', '10000000', '99999999', '123', '', 0, false);
INSERT INTO System.PricePoint_Tbl (id, countryid, amount) VALUES (-301, 301, -1);
INSERT INTO System.CardPricing_Tbl (pricepointid, cardid) SELECT -301, id FROM System.Card_Tbl WHERE id > 0;
INSERT INTO System.PSPCurrency_Tbl (countryid, pspid, name) VALUES (301, 9, 'AOA');
INSERT INTO System.Country_Tbl (id, name, currency, minmob, maxmob, channel, priceformat, decimals, addr_lookup) VALUES (302, 'Bangladesh', 'BDT', '1000000000', '9999999999', '123', '', 0, false);
INSERT INTO System.PricePoint_Tbl (id, countryid, amount) VALUES (-302, 302, -1);
INSERT INTO System.CardPricing_Tbl (pricepointid, cardid) SELECT -302, id FROM System.Card_Tbl WHERE id > 0;
INSERT INTO System.PSPCurrency_Tbl (countryid, pspid, name) VALUES (302, 9, 'BDT');
INSERT INTO System.Country_Tbl (id, name, currency, minmob, maxmob, channel, priceformat, decimals, addr_lookup) VALUES (303, 'Benin', 'XOF', '10000000', '99999999', '123', '', 0, false);
INSERT INTO System.PricePoint_Tbl (id, countryid, amount) VALUES (-303, 303, -1);
INSERT INTO System.CardPricing_Tbl (pricepointid, cardid) SELECT -303, id FROM System.Card_Tbl WHERE id > 0;
INSERT INTO System.PSPCurrency_Tbl (countryid, pspid, name) VALUES (303, 9, 'XOF');
INSERT INTO System.Country_Tbl (id, name, currency, minmob, maxmob, channel, priceformat, decimals, addr_lookup) VALUES (304, 'Bolivia', 'BOV', '10000000', '99999999', '123', '', 0, false);
INSERT INTO System.PricePoint_Tbl (id, countryid, amount) VALUES (-304, 304, -1);
INSERT INTO System.CardPricing_Tbl (pricepointid, cardid) SELECT -304, id FROM System.Card_Tbl WHERE id > 0;
INSERT INTO System.PSPCurrency_Tbl (countryid, pspid, name) VALUES (304, 9, 'BOV');
INSERT INTO System.Country_Tbl (id, name, currency, minmob, maxmob, channel, priceformat, decimals, addr_lookup) VALUES (305, 'Botswana', 'BWP', '10000000', '99999999', '123', '', 0, false);
INSERT INTO System.PricePoint_Tbl (id, countryid, amount) VALUES (-305, 305, -1);
INSERT INTO System.CardPricing_Tbl (pricepointid, cardid) SELECT -305, id FROM System.Card_Tbl WHERE id > 0;
INSERT INTO System.PSPCurrency_Tbl (countryid, pspid, name) VALUES (305, 9, 'BWP');
INSERT INTO System.Country_Tbl (id, name, currency, minmob, maxmob, channel, priceformat, decimals, addr_lookup) VALUES (306, 'Burkina Faso', 'XOF', '10000000', '99999999', '123', '', 0, false);
INSERT INTO System.PricePoint_Tbl (id, countryid, amount) VALUES (-306, 306, -1);
INSERT INTO System.CardPricing_Tbl (pricepointid, cardid) SELECT -306, id FROM System.Card_Tbl WHERE id > 0;
INSERT INTO System.PSPCurrency_Tbl (countryid, pspid, name) VALUES (306, 9, 'XOF');
INSERT INTO System.Country_Tbl (id, name, currency, minmob, maxmob, channel, priceformat, decimals, addr_lookup) VALUES (307, 'Burundi', 'BIF', '10000000', '99999999', '123', '', 0, false);
INSERT INTO System.PricePoint_Tbl (id, countryid, amount) VALUES (-307, 307, -1);
INSERT INTO System.CardPricing_Tbl (pricepointid, cardid) SELECT -307, id FROM System.Card_Tbl WHERE id > 0;
INSERT INTO System.PSPCurrency_Tbl (countryid, pspid, name) VALUES (307, 9, 'BIF');
INSERT INTO System.Country_Tbl (id, name, currency, minmob, maxmob, channel, priceformat, decimals, addr_lookup) VALUES (308, 'Cameroon', 'XAF', '10000000', '99999999', '123', '', 0, false);
INSERT INTO System.PricePoint_Tbl (id, countryid, amount) VALUES (-308, 308, -1);
INSERT INTO System.CardPricing_Tbl (pricepointid, cardid) SELECT -308, id FROM System.Card_Tbl WHERE id > 0;
INSERT INTO System.PSPCurrency_Tbl (countryid, pspid, name) VALUES (308, 9, 'XAF');
INSERT INTO System.Country_Tbl (id, name, currency, minmob, maxmob, channel, priceformat, decimals, addr_lookup) VALUES (309, 'Cape Verde', 'CVE', '10000000', '99999999', '123', '', 0, false);
INSERT INTO System.PricePoint_Tbl (id, countryid, amount) VALUES (-309, 309, -1);
INSERT INTO System.CardPricing_Tbl (pricepointid, cardid) SELECT -309, id FROM System.Card_Tbl WHERE id > 0;
INSERT INTO System.PSPCurrency_Tbl (countryid, pspid, name) VALUES (309, 9, 'CVE');
INSERT INTO System.Country_Tbl (id, name, currency, minmob, maxmob, channel, priceformat, decimals, addr_lookup) VALUES (310, 'Central African Republic', 'XAF', '10000000', '99999999', '123', '', 0, false);
INSERT INTO System.PricePoint_Tbl (id, countryid, amount) VALUES (-310, 310, -1);
INSERT INTO System.CardPricing_Tbl (pricepointid, cardid) SELECT -310, id FROM System.Card_Tbl WHERE id > 0;
INSERT INTO System.PSPCurrency_Tbl (countryid, pspid, name) VALUES (310, 9, 'XAF');
INSERT INTO System.Country_Tbl (id, name, currency, minmob, maxmob, channel, priceformat, decimals, addr_lookup) VALUES (311, 'Chad', 'XAF', '10000000', '99999999', '123', '', 0, false);
INSERT INTO System.PricePoint_Tbl (id, countryid, amount) VALUES (-311, 311, -1);
INSERT INTO System.CardPricing_Tbl (pricepointid, cardid) SELECT -311, id FROM System.Card_Tbl WHERE id > 0;
INSERT INTO System.PSPCurrency_Tbl (countryid, pspid, name) VALUES (311, 9, 'XAF');
INSERT INTO System.Country_Tbl (id, name, currency, minmob, maxmob, channel, priceformat, decimals, addr_lookup) VALUES (312, 'Comoros', 'KMF', '10000000', '99999999', '123', '', 0, false);
INSERT INTO System.PricePoint_Tbl (id, countryid, amount) VALUES (-312, 312, -1);
INSERT INTO System.CardPricing_Tbl (pricepointid, cardid) SELECT -312, id FROM System.Card_Tbl WHERE id > 0;
INSERT INTO System.PSPCurrency_Tbl (countryid, pspid, name) VALUES (312, 9, 'KMF');
INSERT INTO System.Country_Tbl (id, name, currency, minmob, maxmob, channel, priceformat, decimals, addr_lookup) VALUES (313, 'Congo', 'XAF', '10000000', '99999999', '123', '', 0, false);
INSERT INTO System.PricePoint_Tbl (id, countryid, amount) VALUES (-313, 313, -1);
INSERT INTO System.CardPricing_Tbl (pricepointid, cardid) SELECT -313, id FROM System.Card_Tbl WHERE id > 0;
INSERT INTO System.PSPCurrency_Tbl (countryid, pspid, name) VALUES (313, 9, 'XAF');
INSERT INTO System.Country_Tbl (id, name, currency, minmob, maxmob, channel, priceformat, decimals, addr_lookup) VALUES (314, 'Côte d''Ivoire', 'XOF', '10000000', '99999999', '123', '', 0, false);
INSERT INTO System.PricePoint_Tbl (id, countryid, amount) VALUES (-314, 314, -1);
INSERT INTO System.CardPricing_Tbl (pricepointid, cardid) SELECT -314, id FROM System.Card_Tbl WHERE id > 0;
INSERT INTO System.PSPCurrency_Tbl (countryid, pspid, name) VALUES (314, 9, 'XOF');
INSERT INTO System.Country_Tbl (id, name, currency, minmob, maxmob, channel, priceformat, decimals, addr_lookup) VALUES (315, 'Democratic Republic of the Congo', 'CDF', '10000000', '99999999', '123', '', 0, false);
INSERT INTO System.PricePoint_Tbl (id, countryid, amount) VALUES (-315, 315, -1);
INSERT INTO System.CardPricing_Tbl (pricepointid, cardid) SELECT -315, id FROM System.Card_Tbl WHERE id > 0;
INSERT INTO System.PSPCurrency_Tbl (countryid, pspid, name) VALUES (315, 9, 'CDF');
INSERT INTO System.Country_Tbl (id, name, currency, minmob, maxmob, channel, priceformat, decimals, addr_lookup) VALUES (316, 'Djibouti', 'DJF', '10000000', '99999999', '123', '', 0, false);
INSERT INTO System.PricePoint_Tbl (id, countryid, amount) VALUES (-316, 316, -1);
INSERT INTO System.CardPricing_Tbl (pricepointid, cardid) SELECT -316, id FROM System.Card_Tbl WHERE id > 0;
INSERT INTO System.PSPCurrency_Tbl (countryid, pspid, name) VALUES (316, 9, 'DJF');
INSERT INTO System.Country_Tbl (id, name, currency, minmob, maxmob, channel, priceformat, decimals, addr_lookup) VALUES (317, 'Egypt', 'EGP', '10000000', '99999999', '123', '', 0, false);
INSERT INTO System.PricePoint_Tbl (id, countryid, amount) VALUES (-317, 317, -1);
INSERT INTO System.CardPricing_Tbl (pricepointid, cardid) SELECT -317, id FROM System.Card_Tbl WHERE id > 0;
INSERT INTO System.PSPCurrency_Tbl (countryid, pspid, name) VALUES (317, 9, 'EGP');
INSERT INTO System.Country_Tbl (id, name, currency, minmob, maxmob, channel, priceformat, decimals, addr_lookup) VALUES (318, 'Equatorial Guinea', 'XAF', '10000000', '99999999', '123', '', 0, false);
INSERT INTO System.PricePoint_Tbl (id, countryid, amount) VALUES (-318, 318, -1);
INSERT INTO System.CardPricing_Tbl (pricepointid, cardid) SELECT -318, id FROM System.Card_Tbl WHERE id > 0;
INSERT INTO System.PSPCurrency_Tbl (countryid, pspid, name) VALUES (318, 9, 'XAF');
INSERT INTO System.Country_Tbl (id, name, currency, minmob, maxmob, channel, priceformat, decimals, addr_lookup) VALUES (319, 'Ethiopia', 'ETB', '10000000', '99999999', '123', '', 0, false);
INSERT INTO System.PricePoint_Tbl (id, countryid, amount) VALUES (-319, 319, -1);
INSERT INTO System.CardPricing_Tbl (pricepointid, cardid) SELECT -319, id FROM System.Card_Tbl WHERE id > 0;
INSERT INTO System.PSPCurrency_Tbl (countryid, pspid, name) VALUES (319, 9, 'ETB');
INSERT INTO System.Country_Tbl (id, name, currency, minmob, maxmob, channel, priceformat, decimals, addr_lookup) VALUES (320, 'Gabon', 'XAF', '10000000', '99999999', '123', '', 0, false);
INSERT INTO System.PricePoint_Tbl (id, countryid, amount) VALUES (-320, 320, -1);
INSERT INTO System.CardPricing_Tbl (pricepointid, cardid) SELECT -320, id FROM System.Card_Tbl WHERE id > 0;
INSERT INTO System.PSPCurrency_Tbl (countryid, pspid, name) VALUES (320, 9, 'XAF');
INSERT INTO System.Country_Tbl (id, name, currency, minmob, maxmob, channel, priceformat, decimals, addr_lookup) VALUES (321, 'Gambia', 'GMD', '10000000', '99999999', '123', '', 0, false);
INSERT INTO System.PricePoint_Tbl (id, countryid, amount) VALUES (-321, 321, -1);
INSERT INTO System.CardPricing_Tbl (pricepointid, cardid) SELECT -321, id FROM System.Card_Tbl WHERE id > 0;
INSERT INTO System.PSPCurrency_Tbl (countryid, pspid, name) VALUES (321, 9, 'GMD');
INSERT INTO System.Country_Tbl (id, name, currency, minmob, maxmob, channel, priceformat, decimals, addr_lookup) VALUES (322, 'Ghana', 'GHS', '10000000', '99999999', '123', '', 0, false);
INSERT INTO System.PricePoint_Tbl (id, countryid, amount) VALUES (-322, 322, -1);
INSERT INTO System.CardPricing_Tbl (pricepointid, cardid) SELECT -322, id FROM System.Card_Tbl WHERE id > 0;
INSERT INTO System.PSPCurrency_Tbl (countryid, pspid, name) VALUES (322, 9, 'GHS');
INSERT INTO System.Country_Tbl (id, name, currency, minmob, maxmob, channel, priceformat, decimals, addr_lookup) VALUES (323, 'Guinea', 'GNF', '10000000', '99999999', '123', '', 0, false);
INSERT INTO System.PricePoint_Tbl (id, countryid, amount) VALUES (-323, 323, -1);
INSERT INTO System.CardPricing_Tbl (pricepointid, cardid) SELECT -323, id FROM System.Card_Tbl WHERE id > 0;
INSERT INTO System.PSPCurrency_Tbl (countryid, pspid, name) VALUES (323, 9, 'GNF');
INSERT INTO System.Country_Tbl (id, name, currency, minmob, maxmob, channel, priceformat, decimals, addr_lookup) VALUES (324, 'Guinea-Bissau', 'XOF', '10000000', '99999999', '123', '', 0, false);
INSERT INTO System.PricePoint_Tbl (id, countryid, amount) VALUES (-324, 324, -1);
INSERT INTO System.CardPricing_Tbl (pricepointid, cardid) SELECT -324, id FROM System.Card_Tbl WHERE id > 0;
INSERT INTO System.PSPCurrency_Tbl (countryid, pspid, name) VALUES (324, 9, 'XOF');
INSERT INTO System.Country_Tbl (id, name, currency, minmob, maxmob, channel, priceformat, decimals, addr_lookup) VALUES (325, 'Kenya', 'KES', '10000000', '99999999', '123', '', 0, false);
INSERT INTO System.PricePoint_Tbl (id, countryid, amount) VALUES (-325, 325, -1);
INSERT INTO System.CardPricing_Tbl (pricepointid, cardid) SELECT -325, id FROM System.Card_Tbl WHERE id > 0;
INSERT INTO System.PSPCurrency_Tbl (countryid, pspid, name) VALUES (325, 9, 'KES');
INSERT INTO System.Country_Tbl (id, name, currency, minmob, maxmob, channel, priceformat, decimals, addr_lookup) VALUES (326, 'Lesotho', 'LSL', '10000000', '99999999', '123', '', 0, false);
INSERT INTO System.PricePoint_Tbl (id, countryid, amount) VALUES (-326, 326, -1);
INSERT INTO System.CardPricing_Tbl (pricepointid, cardid) SELECT -326, id FROM System.Card_Tbl WHERE id > 0;
INSERT INTO System.PSPCurrency_Tbl (countryid, pspid, name) VALUES (326, 9, 'LSL');
INSERT INTO System.Country_Tbl (id, name, currency, minmob, maxmob, channel, priceformat, decimals, addr_lookup) VALUES (327, 'Liberia', 'LRD', '10000000', '99999999', '123', '', 0, false);
INSERT INTO System.PricePoint_Tbl (id, countryid, amount) VALUES (-327, 327, -1);
INSERT INTO System.CardPricing_Tbl (pricepointid, cardid) SELECT -327, id FROM System.Card_Tbl WHERE id > 0;
INSERT INTO System.PSPCurrency_Tbl (countryid, pspid, name) VALUES (327, 9, 'LRD');
INSERT INTO System.Country_Tbl (id, name, currency, minmob, maxmob, channel, priceformat, decimals, addr_lookup) VALUES (328, 'Madagascar', 'MGA', '10000000', '99999999', '123', '', 0, false);
INSERT INTO System.PricePoint_Tbl (id, countryid, amount) VALUES (-328, 328, -1);
INSERT INTO System.CardPricing_Tbl (pricepointid, cardid) SELECT -328, id FROM System.Card_Tbl WHERE id > 0;
INSERT INTO System.PSPCurrency_Tbl (countryid, pspid, name) VALUES (328, 9, 'MGA');
INSERT INTO System.Country_Tbl (id, name, currency, minmob, maxmob, channel, priceformat, decimals, addr_lookup) VALUES (329, 'Malawi', 'MWK', '10000000', '99999999', '123', '', 0, false);
INSERT INTO System.PricePoint_Tbl (id, countryid, amount) VALUES (-329, 329, -1);
INSERT INTO System.CardPricing_Tbl (pricepointid, cardid) SELECT -329, id FROM System.Card_Tbl WHERE id > 0;
INSERT INTO System.PSPCurrency_Tbl (countryid, pspid, name) VALUES (329, 9, 'MWK');
INSERT INTO System.Country_Tbl (id, name, currency, minmob, maxmob, channel, priceformat, decimals, addr_lookup) VALUES (330, 'Mali', 'XOF', '10000000', '99999999', '123', '', 0, false);
INSERT INTO System.PricePoint_Tbl (id, countryid, amount) VALUES (-330, 330, -1);
INSERT INTO System.CardPricing_Tbl (pricepointid, cardid) SELECT -330, id FROM System.Card_Tbl WHERE id > 0;
INSERT INTO System.PSPCurrency_Tbl (countryid, pspid, name) VALUES (330, 9, 'XOF');
INSERT INTO System.Country_Tbl (id, name, currency, minmob, maxmob, channel, priceformat, decimals, addr_lookup) VALUES (331, 'Mauritania', 'MRO', '10000000', '99999999', '123', '', 0, false);
INSERT INTO System.PricePoint_Tbl (id, countryid, amount) VALUES (-331, 331, -1);
INSERT INTO System.CardPricing_Tbl (pricepointid, cardid) SELECT -331, id FROM System.Card_Tbl WHERE id > 0;
INSERT INTO System.PSPCurrency_Tbl (countryid, pspid, name) VALUES (331, 9, 'MRO');
INSERT INTO System.Country_Tbl (id, name, currency, minmob, maxmob, channel, priceformat, decimals, addr_lookup) VALUES (332, 'Mauritius', 'MUR', '10000000', '99999999', '123', '', 0, false);
INSERT INTO System.PricePoint_Tbl (id, countryid, amount) VALUES (-332, 332, -1);
INSERT INTO System.CardPricing_Tbl (pricepointid, cardid) SELECT -332, id FROM System.Card_Tbl WHERE id > 0;
INSERT INTO System.PSPCurrency_Tbl (countryid, pspid, name) VALUES (332, 9, 'MUR');
INSERT INTO System.Country_Tbl (id, name, currency, minmob, maxmob, channel, priceformat, decimals, addr_lookup) VALUES (333, 'Morocco', 'MAD', '10000000', '99999999', '123', '', 0, false);
INSERT INTO System.PricePoint_Tbl (id, countryid, amount) VALUES (-333, 333, -1);
INSERT INTO System.CardPricing_Tbl (pricepointid, cardid) SELECT -333, id FROM System.Card_Tbl WHERE id > 0;
INSERT INTO System.PSPCurrency_Tbl (countryid, pspid, name) VALUES (333, 9, 'MAD');
INSERT INTO System.Country_Tbl (id, name, currency, minmob, maxmob, channel, priceformat, decimals, addr_lookup) VALUES (334, 'Mozambique', 'MZN', '10000000', '99999999', '123', '', 0, false);
INSERT INTO System.PricePoint_Tbl (id, countryid, amount) VALUES (-334, 334, -1);
INSERT INTO System.CardPricing_Tbl (pricepointid, cardid) SELECT -334, id FROM System.Card_Tbl WHERE id > 0;
INSERT INTO System.PSPCurrency_Tbl (countryid, pspid, name) VALUES (334, 9, 'MZN');
INSERT INTO System.Country_Tbl (id, name, currency, minmob, maxmob, channel, priceformat, decimals, addr_lookup) VALUES (335, 'Tristan Da Cunha', 'GBP', '1000', '9999999999', '123', '', 0, false);
INSERT INTO System.PricePoint_Tbl (id, countryid, amount) VALUES (-335, 335, -1);
INSERT INTO System.CardPricing_Tbl (pricepointid, cardid) SELECT -335, id FROM System.Card_Tbl WHERE id > 0;
INSERT INTO System.PSPCurrency_Tbl (countryid, pspid, name) VALUES (335, 9, 'GBP');
INSERT INTO System.Country_Tbl (id, name, currency, minmob, maxmob, channel, priceformat, decimals, addr_lookup) VALUES (336, 'Western Sahara', 'MAD', '1000', '9999999999', '123', '', 0, false);
INSERT INTO System.PricePoint_Tbl (id, countryid, amount) VALUES (-336, 336, -1);
INSERT INTO System.CardPricing_Tbl (pricepointid, cardid) SELECT -336, id FROM System.Card_Tbl WHERE id > 0;
INSERT INTO System.PSPCurrency_Tbl (countryid, pspid, name) VALUES (336, 9, 'MAD');
INSERT INTO System.Country_Tbl (id, name, currency, minmob, maxmob, channel, priceformat, decimals, addr_lookup) VALUES (337, 'Eritrea', 'ERN', '1000', '9999999999', '123', '', 0, false);
INSERT INTO System.PricePoint_Tbl (id, countryid, amount) VALUES (-337, 337, -1);
INSERT INTO System.CardPricing_Tbl (pricepointid, cardid) SELECT -337, id FROM System.Card_Tbl WHERE id > 0;
INSERT INTO System.PSPCurrency_Tbl (countryid, pspid, name) VALUES (337, 9, 'ERN');
INSERT INTO System.Country_Tbl (id, name, currency, minmob, maxmob, channel, priceformat, decimals, addr_lookup) VALUES (338, 'Libyan Arab Jamahiriya', 'LYD', '1000', '9999999999', '123', '', 0, false);
INSERT INTO System.PricePoint_Tbl (id, countryid, amount) VALUES (-338, 338, -1);
INSERT INTO System.CardPricing_Tbl (pricepointid, cardid) SELECT -338, id FROM System.Card_Tbl WHERE id > 0;
INSERT INTO System.PSPCurrency_Tbl (countryid, pspid, name) VALUES (338, 9, 'LYD');
INSERT INTO System.Country_Tbl (id, name, currency, minmob, maxmob, channel, priceformat, decimals, addr_lookup) VALUES (339, 'Mayotte', 'EUR', '1000', '9999999999', '123', '', 0, false);
INSERT INTO System.PricePoint_Tbl (id, countryid, amount) VALUES (-339, 339, -1);
INSERT INTO System.CardPricing_Tbl (pricepointid, cardid) SELECT -339, id FROM System.Card_Tbl WHERE id > 0;
INSERT INTO System.PSPCurrency_Tbl (countryid, pspid, name) VALUES (339, 9, 'EUR');
INSERT INTO System.Country_Tbl (id, name, currency, minmob, maxmob, channel, priceformat, decimals, addr_lookup) VALUES (340, 'Namibia', 'NAD', '1000', '9999999999', '123', '', 0, false);
INSERT INTO System.PricePoint_Tbl (id, countryid, amount) VALUES (-340, 340, -1);
INSERT INTO System.CardPricing_Tbl (pricepointid, cardid) SELECT -340, id FROM System.Card_Tbl WHERE id > 0;
INSERT INTO System.PSPCurrency_Tbl (countryid, pspid, name) VALUES (340, 9, 'NAD');
INSERT INTO System.Country_Tbl (id, name, currency, minmob, maxmob, channel, priceformat, decimals, addr_lookup) VALUES (341, 'Niger', 'XOF', '1000', '9999999999', '123', '', 0, false);
INSERT INTO System.PricePoint_Tbl (id, countryid, amount) VALUES (-341, 341, -1);
INSERT INTO System.CardPricing_Tbl (pricepointid, cardid) SELECT -341, id FROM System.Card_Tbl WHERE id > 0;
INSERT INTO System.PSPCurrency_Tbl (countryid, pspid, name) VALUES (341, 9, 'XOF');
INSERT INTO System.Country_Tbl (id, name, currency, minmob, maxmob, channel, priceformat, decimals, addr_lookup) VALUES (342, 'Nigeria', 'NGN', '1000', '9999999999', '123', '', 0, false);
INSERT INTO System.PricePoint_Tbl (id, countryid, amount) VALUES (-342, 342, -1);
INSERT INTO System.CardPricing_Tbl (pricepointid, cardid) SELECT -342, id FROM System.Card_Tbl WHERE id > 0;
INSERT INTO System.PSPCurrency_Tbl (countryid, pspid, name) VALUES (342, 9, 'NGN');
INSERT INTO System.Country_Tbl (id, name, currency, minmob, maxmob, channel, priceformat, decimals, addr_lookup) VALUES (343, 'Reunion', 'EUR', '1000', '9999999999', '123', '', 0, false);
INSERT INTO System.PricePoint_Tbl (id, countryid, amount) VALUES (-343, 343, -1);
INSERT INTO System.CardPricing_Tbl (pricepointid, cardid) SELECT -343, id FROM System.Card_Tbl WHERE id > 0;
INSERT INTO System.PSPCurrency_Tbl (countryid, pspid, name) VALUES (343, 9, 'EUR');
INSERT INTO System.Country_Tbl (id, name, currency, minmob, maxmob, channel, priceformat, decimals, addr_lookup) VALUES (344, 'Rwanda', 'RWF', '1000', '9999999999', '123', '', 0, false);
INSERT INTO System.PricePoint_Tbl (id, countryid, amount) VALUES (-344, 344, -1);
INSERT INTO System.CardPricing_Tbl (pricepointid, cardid) SELECT -344, id FROM System.Card_Tbl WHERE id > 0;
INSERT INTO System.PSPCurrency_Tbl (countryid, pspid, name) VALUES (344, 9, 'RWF');
INSERT INTO System.Country_Tbl (id, name, currency, minmob, maxmob, channel, priceformat, decimals, addr_lookup) VALUES (345, 'Seychelles', 'SCR', '1000', '9999999999', '123', '', 0, false);
INSERT INTO System.PricePoint_Tbl (id, countryid, amount) VALUES (-345, 345, -1);
INSERT INTO System.CardPricing_Tbl (pricepointid, cardid) SELECT -345, id FROM System.Card_Tbl WHERE id > 0;
INSERT INTO System.PSPCurrency_Tbl (countryid, pspid, name) VALUES (345, 9, 'SCR');
INSERT INTO System.Country_Tbl (id, name, currency, minmob, maxmob, channel, priceformat, decimals, addr_lookup) VALUES (346, 'Sudan', 'SDG', '1000', '9999999999', '123', '', 0, false);
INSERT INTO System.PricePoint_Tbl (id, countryid, amount) VALUES (-346, 346, -1);
INSERT INTO System.CardPricing_Tbl (pricepointid, cardid) SELECT -346, id FROM System.Card_Tbl WHERE id > 0;
INSERT INTO System.PSPCurrency_Tbl (countryid, pspid, name) VALUES (346, 9, 'SDG');
INSERT INTO System.Country_Tbl (id, name, currency, minmob, maxmob, channel, priceformat, decimals, addr_lookup) VALUES (347, 'St. Helena', 'SHP', '1000', '9999999999', '123', '', 0, false);
INSERT INTO System.PricePoint_Tbl (id, countryid, amount) VALUES (-347, 347, -1);
INSERT INTO System.CardPricing_Tbl (pricepointid, cardid) SELECT -347, id FROM System.Card_Tbl WHERE id > 0;
INSERT INTO System.PSPCurrency_Tbl (countryid, pspid, name) VALUES (347, 9, 'SHP');
INSERT INTO System.Country_Tbl (id, name, currency, minmob, maxmob, channel, priceformat, decimals, addr_lookup) VALUES (348, 'Sierra Leone', 'SLL', '1000', '9999999999', '123', '', 0, false);
INSERT INTO System.PricePoint_Tbl (id, countryid, amount) VALUES (-348, 348, -1);
INSERT INTO System.CardPricing_Tbl (pricepointid, cardid) SELECT -348, id FROM System.Card_Tbl WHERE id > 0;
INSERT INTO System.PSPCurrency_Tbl (countryid, pspid, name) VALUES (348, 9, 'SLL');
INSERT INTO System.Country_Tbl (id, name, currency, minmob, maxmob, channel, priceformat, decimals, addr_lookup) VALUES (349, 'Sao Tome and Principe', 'STD', '1000', '9999999999', '123', '', 0, false);
INSERT INTO System.PricePoint_Tbl (id, countryid, amount) VALUES (-349, 349, -1);
INSERT INTO System.CardPricing_Tbl (pricepointid, cardid) SELECT -349, id FROM System.Card_Tbl WHERE id > 0;
INSERT INTO System.PSPCurrency_Tbl (countryid, pspid, name) VALUES (349, 9, 'STD');
INSERT INTO System.Country_Tbl (id, name, currency, minmob, maxmob, channel, priceformat, decimals, addr_lookup) VALUES (350, 'Swaziland', 'SZL', '1000', '9999999999', '123', '', 0, false);
INSERT INTO System.PricePoint_Tbl (id, countryid, amount) VALUES (-350, 350, -1);
INSERT INTO System.CardPricing_Tbl (pricepointid, cardid) SELECT -350, id FROM System.Card_Tbl WHERE id > 0;
INSERT INTO System.PSPCurrency_Tbl (countryid, pspid, name) VALUES (350, 9, 'SZL');
INSERT INTO System.Country_Tbl (id, name, currency, minmob, maxmob, channel, priceformat, decimals, addr_lookup) VALUES (351, 'Togo', 'XOF', '1000', '9999999999', '123', '', 0, false);
INSERT INTO System.PricePoint_Tbl (id, countryid, amount) VALUES (-351, 351, -1);
INSERT INTO System.CardPricing_Tbl (pricepointid, cardid) SELECT -351, id FROM System.Card_Tbl WHERE id > 0;
INSERT INTO System.PSPCurrency_Tbl (countryid, pspid, name) VALUES (351, 9, 'XOF');
INSERT INTO System.Country_Tbl (id, name, currency, minmob, maxmob, channel, priceformat, decimals, addr_lookup) VALUES (352, 'Tunisia', 'TND', '1000', '9999999999', '123', '', 0, false);
INSERT INTO System.PricePoint_Tbl (id, countryid, amount) VALUES (-352, 352, -1);
INSERT INTO System.CardPricing_Tbl (pricepointid, cardid) SELECT -352, id FROM System.Card_Tbl WHERE id > 0;
INSERT INTO System.PSPCurrency_Tbl (countryid, pspid, name) VALUES (352, 9, 'TND');
INSERT INTO System.Country_Tbl (id, name, currency, minmob, maxmob, channel, priceformat, decimals, addr_lookup) VALUES (353, 'Tanzania', 'TZS', '1000', '9999999999', '123', '', 0, false);
INSERT INTO System.PricePoint_Tbl (id, countryid, amount) VALUES (-353, 353, -1);
INSERT INTO System.CardPricing_Tbl (pricepointid, cardid) SELECT -353, id FROM System.Card_Tbl WHERE id > 0;
INSERT INTO System.PSPCurrency_Tbl (countryid, pspid, name) VALUES (353, 9, 'TZS');
INSERT INTO System.Country_Tbl (id, name, currency, minmob, maxmob, channel, priceformat, decimals, addr_lookup) VALUES (354, 'Uganda', 'UGX', '1000', '9999999999', '123', '', 0, false);
INSERT INTO System.PricePoint_Tbl (id, countryid, amount) VALUES (-354, 354, -1);
INSERT INTO System.CardPricing_Tbl (pricepointid, cardid) SELECT -354, id FROM System.Card_Tbl WHERE id > 0;
INSERT INTO System.PSPCurrency_Tbl (countryid, pspid, name) VALUES (354, 9, 'UGX');
INSERT INTO System.Country_Tbl (id, name, currency, minmob, maxmob, channel, priceformat, decimals, addr_lookup) VALUES (355, 'South Africa', 'ZAR', '1000', '9999999999', '123', '', 0, false);
INSERT INTO System.PricePoint_Tbl (id, countryid, amount) VALUES (-355, 355, -1);
INSERT INTO System.CardPricing_Tbl (pricepointid, cardid) SELECT -355, id FROM System.Card_Tbl WHERE id > 0;
INSERT INTO System.PSPCurrency_Tbl (countryid, pspid, name) VALUES (355, 9, 'ZAR');
INSERT INTO System.Country_Tbl (id, name, currency, minmob, maxmob, channel, priceformat, decimals, addr_lookup) VALUES (356, 'Zambia', 'ZMW', '1000', '9999999999', '123', '', 0, false);
INSERT INTO System.PricePoint_Tbl (id, countryid, amount) VALUES (-356, 356, -1);
INSERT INTO System.CardPricing_Tbl (pricepointid, cardid) SELECT -356, id FROM System.Card_Tbl WHERE id > 0;
INSERT INTO System.PSPCurrency_Tbl (countryid, pspid, name) VALUES (356, 9, 'ZMW');
INSERT INTO System.Country_Tbl (id, name, currency, minmob, maxmob, channel, priceformat, decimals, addr_lookup) VALUES (357, 'Zaire', 'XAF', '1000', '9999999999', '123', '', 0, false);
INSERT INTO System.PricePoint_Tbl (id, countryid, amount) VALUES (-357, 357, -1);
INSERT INTO System.CardPricing_Tbl (pricepointid, cardid) SELECT -357, id FROM System.Card_Tbl WHERE id > 0;
INSERT INTO System.PSPCurrency_Tbl (countryid, pspid, name) VALUES (357, 9, 'XAF');
INSERT INTO System.Country_Tbl (id, name, currency, minmob, maxmob, channel, priceformat, decimals, addr_lookup) VALUES (358, 'Zimbabwe', 'USD', '1000', '9999999999', '123', '', 0, false);
INSERT INTO System.PricePoint_Tbl (id, countryid, amount) VALUES (-358, 358, -1);
INSERT INTO System.CardPricing_Tbl (pricepointid, cardid) SELECT -358, id FROM System.Card_Tbl WHERE id > 0;
INSERT INTO System.PSPCurrency_Tbl (countryid, pspid, name) VALUES (358, 9, 'USD');
INSERT INTO System.Country_Tbl (id, name, currency, minmob, maxmob, channel, priceformat, decimals, addr_lookup) VALUES (400, 'Argentina', 'ARS', '1000000000', '9999999999', '123', '', 0, false);
INSERT INTO System.PricePoint_Tbl (id, countryid, amount) VALUES (-400, 400, -1);
INSERT INTO System.CardPricing_Tbl (pricepointid, cardid) SELECT -400, id FROM System.Card_Tbl WHERE id > 0;
INSERT INTO System.PSPCurrency_Tbl (countryid, pspid, name) VALUES (400, 9, 'ARS');
INSERT INTO System.Country_Tbl (id, name, currency, minmob, maxmob, channel, priceformat, decimals, addr_lookup) VALUES (401, 'Aruba', 'AWG', '10000000', '99999999', '123', '', 0, false);
INSERT INTO System.PricePoint_Tbl (id, countryid, amount) VALUES (-401, 401, -1);
INSERT INTO System.CardPricing_Tbl (pricepointid, cardid) SELECT -401, id FROM System.Card_Tbl WHERE id > 0;
INSERT INTO System.PSPCurrency_Tbl (countryid, pspid, name) VALUES (401, 9, 'AWG');
INSERT INTO System.Country_Tbl (id, name, currency, minmob, maxmob, channel, priceformat, decimals, addr_lookup) VALUES (402, 'Belize', 'BZD', '10000000', '99999999', '123', '', 0, false);
INSERT INTO System.PricePoint_Tbl (id, countryid, amount) VALUES (-402, 402, -1);
INSERT INTO System.CardPricing_Tbl (pricepointid, cardid) SELECT -402, id FROM System.Card_Tbl WHERE id > 0;
INSERT INTO System.PSPCurrency_Tbl (countryid, pspid, name) VALUES (402, 9, 'BZD');
INSERT INTO System.Country_Tbl (id, name, currency, minmob, maxmob, channel, priceformat, decimals, addr_lookup) VALUES (403, 'Brazil', 'BRL', '1000000000', '9999999999', '123', '', 0, false);
INSERT INTO System.PricePoint_Tbl (id, countryid, amount) VALUES (-403, 403, -1);
INSERT INTO System.CardPricing_Tbl (pricepointid, cardid) SELECT -403, id FROM System.Card_Tbl WHERE id > 0;
INSERT INTO System.PSPCurrency_Tbl (countryid, pspid, name) VALUES (403, 9, 'BRL');
INSERT INTO System.Country_Tbl (id, name, currency, minmob, maxmob, channel, priceformat, decimals, addr_lookup) VALUES (404, 'Chile', 'CLP', '1000000000', '9999999999', '123', '', 0, false);
INSERT INTO System.PricePoint_Tbl (id, countryid, amount) VALUES (-404, 404, -1);
INSERT INTO System.CardPricing_Tbl (pricepointid, cardid) SELECT -404, id FROM System.Card_Tbl WHERE id > 0;
INSERT INTO System.PSPCurrency_Tbl (countryid, pspid, name) VALUES (404, 9, 'CLP');
INSERT INTO System.Country_Tbl (id, name, currency, minmob, maxmob, channel, priceformat, decimals, addr_lookup) VALUES (405, 'Colombia', 'COU', '1000000000', '9999999999', '123', '', 0, false);
INSERT INTO System.PricePoint_Tbl (id, countryid, amount) VALUES (-405, 405, -1);
INSERT INTO System.CardPricing_Tbl (pricepointid, cardid) SELECT -405, id FROM System.Card_Tbl WHERE id > 0;
INSERT INTO System.PSPCurrency_Tbl (countryid, pspid, name) VALUES (405, 9, 'COU');
INSERT INTO System.Country_Tbl (id, name, currency, minmob, maxmob, channel, priceformat, decimals, addr_lookup) VALUES (406, 'Costa Rica', 'CRC', '1000000000', '9999999999', '123', '', 0, false);
INSERT INTO System.PricePoint_Tbl (id, countryid, amount) VALUES (-406, 406, -1);
INSERT INTO System.CardPricing_Tbl (pricepointid, cardid) SELECT -406, id FROM System.Card_Tbl WHERE id > 0;
INSERT INTO System.PSPCurrency_Tbl (countryid, pspid, name) VALUES (406, 9, 'CRC');
INSERT INTO System.Country_Tbl (id, name, currency, minmob, maxmob, channel, priceformat, decimals, addr_lookup) VALUES (407, 'Ecuador', 'USD', '10000000', '99999999', '123', '', 0, false);
INSERT INTO System.PricePoint_Tbl (id, countryid, amount) VALUES (-407, 407, -1);
INSERT INTO System.CardPricing_Tbl (pricepointid, cardid) SELECT -407, id FROM System.Card_Tbl WHERE id > 0;
INSERT INTO System.PSPCurrency_Tbl (countryid, pspid, name) VALUES (407, 9, 'USD');
INSERT INTO System.Country_Tbl (id, name, currency, minmob, maxmob, channel, priceformat, decimals, addr_lookup) VALUES (408, 'El Salvador', 'USD', '10000000', '99999999', '123', '', 0, false);
INSERT INTO System.PricePoint_Tbl (id, countryid, amount) VALUES (-408, 408, -1);
INSERT INTO System.CardPricing_Tbl (pricepointid, cardid) SELECT -408, id FROM System.Card_Tbl WHERE id > 0;
INSERT INTO System.PSPCurrency_Tbl (countryid, pspid, name) VALUES (408, 9, 'USD');
INSERT INTO System.Country_Tbl (id, name, currency, minmob, maxmob, channel, priceformat, decimals, addr_lookup) VALUES (409, 'French Departments and Territories in the Indian Ocean', 'EUR', '10000000', '99999999', '123', '', 0, false);
INSERT INTO System.PricePoint_Tbl (id, countryid, amount) VALUES (-409, 409, -1);
INSERT INTO System.CardPricing_Tbl (pricepointid, cardid) SELECT -409, id FROM System.Card_Tbl WHERE id > 0;
INSERT INTO System.PSPCurrency_Tbl (countryid, pspid, name) VALUES (409, 9, 'EUR');
INSERT INTO System.Country_Tbl (id, name, currency, minmob, maxmob, channel, priceformat, decimals, addr_lookup) VALUES (410, 'Guatemala', 'GTQ', '10000000', '99999999', '123', '', 0, false);
INSERT INTO System.PricePoint_Tbl (id, countryid, amount) VALUES (-410, 410, -1);
INSERT INTO System.CardPricing_Tbl (pricepointid, cardid) SELECT -410, id FROM System.Card_Tbl WHERE id > 0;
INSERT INTO System.PSPCurrency_Tbl (countryid, pspid, name) VALUES (410, 9, 'GTQ');
INSERT INTO System.Country_Tbl (id, name, currency, minmob, maxmob, channel, priceformat, decimals, addr_lookup) VALUES (411, 'Guyana', 'GYD', '10000000', '99999999', '123', '', 0, false);
INSERT INTO System.PricePoint_Tbl (id, countryid, amount) VALUES (-411, 411, -1);
INSERT INTO System.CardPricing_Tbl (pricepointid, cardid) SELECT -411, id FROM System.Card_Tbl WHERE id > 0;
INSERT INTO System.PSPCurrency_Tbl (countryid, pspid, name) VALUES (411, 9, 'GYD');
INSERT INTO System.Country_Tbl (id, name, currency, minmob, maxmob, channel, priceformat, decimals, addr_lookup) VALUES (412, 'Honduras', 'HNL', '10000000', '99999999', '123', '', 0, false);
INSERT INTO System.PricePoint_Tbl (id, countryid, amount) VALUES (-412, 412, -1);
INSERT INTO System.CardPricing_Tbl (pricepointid, cardid) SELECT -412, id FROM System.Card_Tbl WHERE id > 0;
INSERT INTO System.PSPCurrency_Tbl (countryid, pspid, name) VALUES (412, 9, 'HNL');
INSERT INTO System.Country_Tbl (id, name, currency, minmob, maxmob, channel, priceformat, decimals, addr_lookup) VALUES (413, 'Antarctica', 'AQD', '1000', '9999999999', '123', '', 0, false);
INSERT INTO System.PricePoint_Tbl (id, countryid, amount) VALUES (-413, 413, -1);
INSERT INTO System.CardPricing_Tbl (pricepointid, cardid) SELECT -413, id FROM System.Card_Tbl WHERE id > 0;
INSERT INTO System.PSPCurrency_Tbl (countryid, pspid, name) VALUES (413, 9, 'AQD');
INSERT INTO System.Country_Tbl (id, name, currency, minmob, maxmob, channel, priceformat, decimals, addr_lookup) VALUES (414, 'Carriacou', 'XCD', '1000', '9999999999', '123', '', 0, false);
INSERT INTO System.PricePoint_Tbl (id, countryid, amount) VALUES (-414, 414, -1);
INSERT INTO System.CardPricing_Tbl (pricepointid, cardid) SELECT -414, id FROM System.Card_Tbl WHERE id > 0;
INSERT INTO System.PSPCurrency_Tbl (countryid, pspid, name) VALUES (414, 9, 'XCD');
INSERT INTO System.Country_Tbl (id, name, currency, minmob, maxmob, channel, priceformat, decimals, addr_lookup) VALUES (415, 'Netherlands Antilles', 'CMG', '1000', '9999999999', '123', '', 0, false);
INSERT INTO System.PricePoint_Tbl (id, countryid, amount) VALUES (-415, 415, -1);
INSERT INTO System.CardPricing_Tbl (pricepointid, cardid) SELECT -415, id FROM System.Card_Tbl WHERE id > 0;
INSERT INTO System.PSPCurrency_Tbl (countryid, pspid, name) VALUES (415, 9, 'CMG');
INSERT INTO System.Country_Tbl (id, name, currency, minmob, maxmob, channel, priceformat, decimals, addr_lookup) VALUES (416, 'Bouvet Island', 'NOK', '1000', '9999999999', '123', '', 0, false);
INSERT INTO System.PricePoint_Tbl (id, countryid, amount) VALUES (-416, 416, -1);
INSERT INTO System.CardPricing_Tbl (pricepointid, cardid) SELECT -416, id FROM System.Card_Tbl WHERE id > 0;
INSERT INTO System.PSPCurrency_Tbl (countryid, pspid, name) VALUES (416, 9, 'NOK');
INSERT INTO System.Country_Tbl (id, name, currency, minmob, maxmob, channel, priceformat, decimals, addr_lookup) VALUES (417, 'Scott Base', 'NZD', '1000', '9999999999', '123', '', 0, false);
INSERT INTO System.PricePoint_Tbl (id, countryid, amount) VALUES (-417, 417, -1);
INSERT INTO System.CardPricing_Tbl (pricepointid, cardid) SELECT -417, id FROM System.Card_Tbl WHERE id > 0;
INSERT INTO System.PSPCurrency_Tbl (countryid, pspid, name) VALUES (417, 9, 'NZD');
INSERT INTO System.Country_Tbl (id, name, currency, minmob, maxmob, channel, priceformat, decimals, addr_lookup) VALUES (418, 'Dominica', 'XCD', '1000', '9999999999', '123', '', 0, false);
INSERT INTO System.PricePoint_Tbl (id, countryid, amount) VALUES (-418, 418, -1);
INSERT INTO System.CardPricing_Tbl (pricepointid, cardid) SELECT -418, id FROM System.Card_Tbl WHERE id > 0;
INSERT INTO System.PSPCurrency_Tbl (countryid, pspid, name) VALUES (418, 9, 'XCD');
INSERT INTO System.Country_Tbl (id, name, currency, minmob, maxmob, channel, priceformat, decimals, addr_lookup) VALUES (419, 'Falkland Islands', 'FKP', '1000', '9999999999', '123', '', 0, false);
INSERT INTO System.PricePoint_Tbl (id, countryid, amount) VALUES (-419, 419, -1);
INSERT INTO System.CardPricing_Tbl (pricepointid, cardid) SELECT -419, id FROM System.Card_Tbl WHERE id > 0;
INSERT INTO System.PSPCurrency_Tbl (countryid, pspid, name) VALUES (419, 9, 'FKP');
INSERT INTO System.Country_Tbl (id, name, currency, minmob, maxmob, channel, priceformat, decimals, addr_lookup) VALUES (420, 'Grenada', 'XCD', '1000', '9999999999', '123', '', 0, false);
INSERT INTO System.PricePoint_Tbl (id, countryid, amount) VALUES (-420, 420, -1);
INSERT INTO System.CardPricing_Tbl (pricepointid, cardid) SELECT -420, id FROM System.Card_Tbl WHERE id > 0;
INSERT INTO System.PSPCurrency_Tbl (countryid, pspid, name) VALUES (420, 9, 'XCD');
INSERT INTO System.Country_Tbl (id, name, currency, minmob, maxmob, channel, priceformat, decimals, addr_lookup) VALUES (421, 'French Guiana', 'EUR', '1000', '9999999999', '123', '', 0, false);
INSERT INTO System.PricePoint_Tbl (id, countryid, amount) VALUES (-421, 421, -1);
INSERT INTO System.CardPricing_Tbl (pricepointid, cardid) SELECT -421, id FROM System.Card_Tbl WHERE id > 0;
INSERT INTO System.PSPCurrency_Tbl (countryid, pspid, name) VALUES (421, 9, 'EUR');
INSERT INTO System.Country_Tbl (id, name, currency, minmob, maxmob, channel, priceformat, decimals, addr_lookup) VALUES (422, 'South Georgia And IS', 'GBP', '1000', '9999999999', '123', '', 0, false);
INSERT INTO System.PricePoint_Tbl (id, countryid, amount) VALUES (-422, 422, -1);
INSERT INTO System.CardPricing_Tbl (pricepointid, cardid) SELECT -422, id FROM System.Card_Tbl WHERE id > 0;
INSERT INTO System.PSPCurrency_Tbl (countryid, pspid, name) VALUES (422, 9, 'GBP');
INSERT INTO System.Country_Tbl (id, name, currency, minmob, maxmob, channel, priceformat, decimals, addr_lookup) VALUES (423, 'British International Ocean Territory', 'USD', '1000', '9999999999', '123', '', 0, false);
INSERT INTO System.PricePoint_Tbl (id, countryid, amount) VALUES (-423, 423, -1);
INSERT INTO System.CardPricing_Tbl (pricepointid, cardid) SELECT -423, id FROM System.Card_Tbl WHERE id > 0;
INSERT INTO System.PSPCurrency_Tbl (countryid, pspid, name) VALUES (423, 9, 'USD');
INSERT INTO System.Country_Tbl (id, name, currency, minmob, maxmob, channel, priceformat, decimals, addr_lookup) VALUES (424, 'St. Christopher (St. Kitts) Nevis', 'XCD', '1000', '9999999999', '123', '', 0, false);
INSERT INTO System.PricePoint_Tbl (id, countryid, amount) VALUES (-424, 424, -1);
INSERT INTO System.CardPricing_Tbl (pricepointid, cardid) SELECT -424, id FROM System.Card_Tbl WHERE id > 0;
INSERT INTO System.PSPCurrency_Tbl (countryid, pspid, name) VALUES (424, 9, 'XCD');
INSERT INTO System.Country_Tbl (id, name, currency, minmob, maxmob, channel, priceformat, decimals, addr_lookup) VALUES (425, 'St. Lucia', 'XCD', '1000', '9999999999', '123', '', 0, false);
INSERT INTO System.PricePoint_Tbl (id, countryid, amount) VALUES (-425, 425, -1);
INSERT INTO System.CardPricing_Tbl (pricepointid, cardid) SELECT -425, id FROM System.Card_Tbl WHERE id > 0;
INSERT INTO System.PSPCurrency_Tbl (countryid, pspid, name) VALUES (425, 9, 'XCD');
INSERT INTO System.Country_Tbl (id, name, currency, minmob, maxmob, channel, priceformat, decimals, addr_lookup) VALUES (426, 'Martinique', 'EUR', '1000', '9999999999', '123', '', 0, false);
INSERT INTO System.PricePoint_Tbl (id, countryid, amount) VALUES (-426, 426, -1);
INSERT INTO System.CardPricing_Tbl (pricepointid, cardid) SELECT -426, id FROM System.Card_Tbl WHERE id > 0;
INSERT INTO System.PSPCurrency_Tbl (countryid, pspid, name) VALUES (426, 9, 'EUR');
INSERT INTO System.Country_Tbl (id, name, currency, minmob, maxmob, channel, priceformat, decimals, addr_lookup) VALUES (427, 'Nicaragua', 'NIO', '1000', '9999999999', '123', '', 0, false);
INSERT INTO System.PricePoint_Tbl (id, countryid, amount) VALUES (-427, 427, -1);
INSERT INTO System.CardPricing_Tbl (pricepointid, cardid) SELECT -427, id FROM System.Card_Tbl WHERE id > 0;
INSERT INTO System.PSPCurrency_Tbl (countryid, pspid, name) VALUES (427, 9, 'NIO');
INSERT INTO System.Country_Tbl (id, name, currency, minmob, maxmob, channel, priceformat, decimals, addr_lookup) VALUES (428, 'Panama', 'USD', '1000', '9999999999', '123', '', 0, false);
INSERT INTO System.PricePoint_Tbl (id, countryid, amount) VALUES (-428, 428, -1);
INSERT INTO System.CardPricing_Tbl (pricepointid, cardid) SELECT -428, id FROM System.Card_Tbl WHERE id > 0;
INSERT INTO System.PSPCurrency_Tbl (countryid, pspid, name) VALUES (428, 9, 'USD');
INSERT INTO System.Country_Tbl (id, name, currency, minmob, maxmob, channel, priceformat, decimals, addr_lookup) VALUES (429, 'Peru', 'PEN', '1000', '9999999999', '123', '', 0, false);
INSERT INTO System.PricePoint_Tbl (id, countryid, amount) VALUES (-429, 429, -1);
INSERT INTO System.CardPricing_Tbl (pricepointid, cardid) SELECT -429, id FROM System.Card_Tbl WHERE id > 0;
INSERT INTO System.PSPCurrency_Tbl (countryid, pspid, name) VALUES (429, 9, 'PEN');
INSERT INTO System.Country_Tbl (id, name, currency, minmob, maxmob, channel, priceformat, decimals, addr_lookup) VALUES (430, 'Pitcairn Island', 'NZD', '1000', '9999999999', '123', '', 0, false);
INSERT INTO System.PricePoint_Tbl (id, countryid, amount) VALUES (-430, 430, -1);
INSERT INTO System.CardPricing_Tbl (pricepointid, cardid) SELECT -430, id FROM System.Card_Tbl WHERE id > 0;
INSERT INTO System.PSPCurrency_Tbl (countryid, pspid, name) VALUES (430, 9, 'NZD');
INSERT INTO System.Country_Tbl (id, name, currency, minmob, maxmob, channel, priceformat, decimals, addr_lookup) VALUES (431, 'Puerto Rico', 'USD', '1000', '9999999999', '123', '', 0, false);
INSERT INTO System.PricePoint_Tbl (id, countryid, amount) VALUES (-431, 431, -1);
INSERT INTO System.CardPricing_Tbl (pricepointid, cardid) SELECT -431, id FROM System.Card_Tbl WHERE id > 0;
INSERT INTO System.PSPCurrency_Tbl (countryid, pspid, name) VALUES (431, 9, 'USD');
INSERT INTO System.Country_Tbl (id, name, currency, minmob, maxmob, channel, priceformat, decimals, addr_lookup) VALUES (432, 'Paraguay', 'PYG', '1000', '9999999999', '123', '', 0, false);
INSERT INTO System.PricePoint_Tbl (id, countryid, amount) VALUES (-432, 432, -1);
INSERT INTO System.CardPricing_Tbl (pricepointid, cardid) SELECT -432, id FROM System.Card_Tbl WHERE id > 0;
INSERT INTO System.PSPCurrency_Tbl (countryid, pspid, name) VALUES (432, 9, 'PYG');
INSERT INTO System.Country_Tbl (id, name, currency, minmob, maxmob, channel, priceformat, decimals, addr_lookup) VALUES (433, 'Senegal', 'XOF', '1000', '9999999999', '123', '', 0, false);
INSERT INTO System.PricePoint_Tbl (id, countryid, amount) VALUES (-433, 433, -1);
INSERT INTO System.CardPricing_Tbl (pricepointid, cardid) SELECT -433, id FROM System.Card_Tbl WHERE id > 0;
INSERT INTO System.PSPCurrency_Tbl (countryid, pspid, name) VALUES (433, 9, 'XOF');
INSERT INTO System.Country_Tbl (id, name, currency, minmob, maxmob, channel, priceformat, decimals, addr_lookup) VALUES (434, 'Somalia', 'SOS', '1000', '9999999999', '123', '', 0, false);
INSERT INTO System.PricePoint_Tbl (id, countryid, amount) VALUES (-434, 434, -1);
INSERT INTO System.CardPricing_Tbl (pricepointid, cardid) SELECT -434, id FROM System.Card_Tbl WHERE id > 0;
INSERT INTO System.PSPCurrency_Tbl (countryid, pspid, name) VALUES (434, 9, 'SOS');
INSERT INTO System.Country_Tbl (id, name, currency, minmob, maxmob, channel, priceformat, decimals, addr_lookup) VALUES (435, 'Suriname', 'SRD', '1000', '9999999999', '123', '', 0, false);
INSERT INTO System.PricePoint_Tbl (id, countryid, amount) VALUES (-435, 435, -1);
INSERT INTO System.CardPricing_Tbl (pricepointid, cardid) SELECT -435, id FROM System.Card_Tbl WHERE id > 0;
INSERT INTO System.PSPCurrency_Tbl (countryid, pspid, name) VALUES (435, 9, 'SRD');
INSERT INTO System.Country_Tbl (id, name, currency, minmob, maxmob, channel, priceformat, decimals, addr_lookup) VALUES (436, 'St. Maarten', 'ANG', '1000', '9999999999', '123', '', 0, false);
INSERT INTO System.PricePoint_Tbl (id, countryid, amount) VALUES (-436, 436, -1);
INSERT INTO System.CardPricing_Tbl (pricepointid, cardid) SELECT -436, id FROM System.Card_Tbl WHERE id > 0;
INSERT INTO System.PSPCurrency_Tbl (countryid, pspid, name) VALUES (436, 9, 'ANG');
INSERT INTO System.Country_Tbl (id, name, currency, minmob, maxmob, channel, priceformat, decimals, addr_lookup) VALUES (437, 'Turks and Caicos Islands', 'USD', '1000', '9999999999', '123', '', 0, false);
INSERT INTO System.PricePoint_Tbl (id, countryid, amount) VALUES (-437, 437, -1);
INSERT INTO System.CardPricing_Tbl (pricepointid, cardid) SELECT -437, id FROM System.Card_Tbl WHERE id > 0;
INSERT INTO System.PSPCurrency_Tbl (countryid, pspid, name) VALUES (437, 9, 'USD');
INSERT INTO System.Country_Tbl (id, name, currency, minmob, maxmob, channel, priceformat, decimals, addr_lookup) VALUES (438, 'Trinidad and Tobago', 'TTD', '1000', '9999999999', '123', '', 0, false);
INSERT INTO System.PricePoint_Tbl (id, countryid, amount) VALUES (-438, 438, -1);
INSERT INTO System.CardPricing_Tbl (pricepointid, cardid) SELECT -438, id FROM System.Card_Tbl WHERE id > 0;
INSERT INTO System.PSPCurrency_Tbl (countryid, pspid, name) VALUES (438, 9, 'TTD');
INSERT INTO System.Country_Tbl (id, name, currency, minmob, maxmob, channel, priceformat, decimals, addr_lookup) VALUES (439, 'Uruguay', 'UYU', '1000', '9999999999', '123', '', 0, false);
INSERT INTO System.PricePoint_Tbl (id, countryid, amount) VALUES (-439, 439, -1);
INSERT INTO System.CardPricing_Tbl (pricepointid, cardid) SELECT -439, id FROM System.Card_Tbl WHERE id > 0;
INSERT INTO System.PSPCurrency_Tbl (countryid, pspid, name) VALUES (439, 9, 'UYU');
INSERT INTO System.Country_Tbl (id, name, currency, minmob, maxmob, channel, priceformat, decimals, addr_lookup) VALUES (440, 'St. Vincent and The Grenadines', 'XCD', '1000', '9999999999', '123', '', 0, false);
INSERT INTO System.PricePoint_Tbl (id, countryid, amount) VALUES (-440, 440, -1);
INSERT INTO System.CardPricing_Tbl (pricepointid, cardid) SELECT -440, id FROM System.Card_Tbl WHERE id > 0;
INSERT INTO System.PSPCurrency_Tbl (countryid, pspid, name) VALUES (440, 9, 'XCD');
INSERT INTO System.Country_Tbl (id, name, currency, minmob, maxmob, channel, priceformat, decimals, addr_lookup) VALUES (441, 'Venezuela', 'VEF', '1000', '9999999999', '123', '', 0, false);
INSERT INTO System.PricePoint_Tbl (id, countryid, amount) VALUES (-441, 441, -1);
INSERT INTO System.CardPricing_Tbl (pricepointid, cardid) SELECT -441, id FROM System.Card_Tbl WHERE id > 0;
INSERT INTO System.PSPCurrency_Tbl (countryid, pspid, name) VALUES (441, 9, 'VEF');
INSERT INTO System.Country_Tbl (id, name, currency, minmob, maxmob, channel, priceformat, decimals, addr_lookup) VALUES (442, 'Virgin Islands, United States', 'USD', '1000', '9999999999', '123', '', 0, false);
INSERT INTO System.PricePoint_Tbl (id, countryid, amount) VALUES (-442, 442, -1);
INSERT INTO System.CardPricing_Tbl (pricepointid, cardid) SELECT -442, id FROM System.Card_Tbl WHERE id > 0;
INSERT INTO System.PSPCurrency_Tbl (countryid, pspid, name) VALUES (442, 9, 'USD');
INSERT INTO System.Country_Tbl (id, name, currency, minmob, maxmob, channel, priceformat, decimals, addr_lookup) VALUES (500, 'Australia', 'AUD', '1000000000', '9999999999', '123', '', 0, false);
INSERT INTO System.PricePoint_Tbl (id, countryid, amount) VALUES (-500, 500, -1);
INSERT INTO System.CardPricing_Tbl (pricepointid, cardid) SELECT -500, id FROM System.Card_Tbl WHERE id > 0;
INSERT INTO System.PSPCurrency_Tbl (countryid, pspid, name) VALUES (500, 9, 'AUD');
INSERT INTO System.Country_Tbl (id, name, currency, minmob, maxmob, channel, priceformat, decimals, addr_lookup) VALUES (501, 'Brunei Darussalam', 'BND', '10000000', '99999999', '123', '', 0, false);
INSERT INTO System.PricePoint_Tbl (id, countryid, amount) VALUES (-501, 501, -1);
INSERT INTO System.CardPricing_Tbl (pricepointid, cardid) SELECT -501, id FROM System.Card_Tbl WHERE id > 0;
INSERT INTO System.PSPCurrency_Tbl (countryid, pspid, name) VALUES (501, 9, 'BND');
INSERT INTO System.Country_Tbl (id, name, currency, minmob, maxmob, channel, priceformat, decimals, addr_lookup) VALUES (502, 'Cook Islands', 'NZD', '10000000', '99999999', '123', '', 0, false);
INSERT INTO System.PricePoint_Tbl (id, countryid, amount) VALUES (-502, 502, -1);
INSERT INTO System.CardPricing_Tbl (pricepointid, cardid) SELECT -502, id FROM System.Card_Tbl WHERE id > 0;
INSERT INTO System.PSPCurrency_Tbl (countryid, pspid, name) VALUES (502, 9, 'NZD');
INSERT INTO System.Country_Tbl (id, name, currency, minmob, maxmob, channel, priceformat, decimals, addr_lookup) VALUES (503, 'Fiji', 'FJD', '10000000', '99999999', '123', '', 0, false);
INSERT INTO System.PricePoint_Tbl (id, countryid, amount) VALUES (-503, 503, -1);
INSERT INTO System.CardPricing_Tbl (pricepointid, cardid) SELECT -503, id FROM System.Card_Tbl WHERE id > 0;
INSERT INTO System.PSPCurrency_Tbl (countryid, pspid, name) VALUES (503, 9, 'FJD');
INSERT INTO System.Country_Tbl (id, name, currency, minmob, maxmob, channel, priceformat, decimals, addr_lookup) VALUES (504, 'French Polynesia', 'XPF', '10000000', '99999999', '123', '', 0, false);
INSERT INTO System.PricePoint_Tbl (id, countryid, amount) VALUES (-504, 504, -1);
INSERT INTO System.CardPricing_Tbl (pricepointid, cardid) SELECT -504, id FROM System.Card_Tbl WHERE id > 0;
INSERT INTO System.PSPCurrency_Tbl (countryid, pspid, name) VALUES (504, 9, 'XPF');
INSERT INTO System.Country_Tbl (id, name, currency, minmob, maxmob, channel, priceformat, decimals, addr_lookup) VALUES (505, 'Indonesia', 'IDR', '10000000', '99999999', '123', '', 0, false);
INSERT INTO System.PricePoint_Tbl (id, countryid, amount) VALUES (-505, 505, -1);
INSERT INTO System.CardPricing_Tbl (pricepointid, cardid) SELECT -505, id FROM System.Card_Tbl WHERE id > 0;
INSERT INTO System.PSPCurrency_Tbl (countryid, pspid, name) VALUES (505, 9, 'IDR');
INSERT INTO System.Country_Tbl (id, name, currency, minmob, maxmob, channel, priceformat, decimals, addr_lookup) VALUES (506, 'Micronesia', 'USD', '10000000', '99999999', '123', '', 0, false);
INSERT INTO System.PricePoint_Tbl (id, countryid, amount) VALUES (-506, 506, -1);
INSERT INTO System.CardPricing_Tbl (pricepointid, cardid) SELECT -506, id FROM System.Card_Tbl WHERE id > 0;
INSERT INTO System.PSPCurrency_Tbl (countryid, pspid, name) VALUES (506, 9, 'USD');
INSERT INTO System.Country_Tbl (id, name, currency, minmob, maxmob, channel, priceformat, decimals, addr_lookup) VALUES (507, 'Cocos (Keeling) Islands', 'AUD', '1000', '9999999999', '123', '', 0, false);
INSERT INTO System.PricePoint_Tbl (id, countryid, amount) VALUES (-507, 507, -1);
INSERT INTO System.CardPricing_Tbl (pricepointid, cardid) SELECT -507, id FROM System.Card_Tbl WHERE id > 0;
INSERT INTO System.PSPCurrency_Tbl (countryid, pspid, name) VALUES (507, 9, 'AUD');
INSERT INTO System.Country_Tbl (id, name, currency, minmob, maxmob, channel, priceformat, decimals, addr_lookup) VALUES (508, 'Christmas Island', 'AUD', '1000', '9999999999', '123', '', 0, false);
INSERT INTO System.PricePoint_Tbl (id, countryid, amount) VALUES (-508, 508, -1);
INSERT INTO System.CardPricing_Tbl (pricepointid, cardid) SELECT -508, id FROM System.Card_Tbl WHERE id > 0;
INSERT INTO System.PSPCurrency_Tbl (countryid, pspid, name) VALUES (508, 9, 'AUD');
INSERT INTO System.Country_Tbl (id, name, currency, minmob, maxmob, channel, priceformat, decimals, addr_lookup) VALUES (509, 'New Caledonia', 'XPF', '1000', '9999999999', '123', '', 0, false);
INSERT INTO System.PricePoint_Tbl (id, countryid, amount) VALUES (-509, 509, -1);
INSERT INTO System.CardPricing_Tbl (pricepointid, cardid) SELECT -509, id FROM System.Card_Tbl WHERE id > 0;
INSERT INTO System.PSPCurrency_Tbl (countryid, pspid, name) VALUES (509, 9, 'XPF');
INSERT INTO System.Country_Tbl (id, name, currency, minmob, maxmob, channel, priceformat, decimals, addr_lookup) VALUES (510, 'Norfolk Island', 'AUD', '1000', '9999999999', '123', '', 0, false);
INSERT INTO System.PricePoint_Tbl (id, countryid, amount) VALUES (-510, 510, -1);
INSERT INTO System.CardPricing_Tbl (pricepointid, cardid) SELECT -510, id FROM System.Card_Tbl WHERE id > 0;
INSERT INTO System.PSPCurrency_Tbl (countryid, pspid, name) VALUES (510, 9, 'AUD');
INSERT INTO System.Country_Tbl (id, name, currency, minmob, maxmob, channel, priceformat, decimals, addr_lookup) VALUES (511, 'Nauru', 'AUD', '1000', '9999999999', '123', '', 0, false);
INSERT INTO System.PricePoint_Tbl (id, countryid, amount) VALUES (-511, 511, -1);
INSERT INTO System.CardPricing_Tbl (pricepointid, cardid) SELECT -511, id FROM System.Card_Tbl WHERE id > 0;
INSERT INTO System.PSPCurrency_Tbl (countryid, pspid, name) VALUES (511, 9, 'AUD');
INSERT INTO System.Country_Tbl (id, name, currency, minmob, maxmob, channel, priceformat, decimals, addr_lookup) VALUES (512, 'Niue', 'NZD', '1000', '9999999999', '123', '', 0, false);
INSERT INTO System.PricePoint_Tbl (id, countryid, amount) VALUES (-512, 512, -1);
INSERT INTO System.CardPricing_Tbl (pricepointid, cardid) SELECT -512, id FROM System.Card_Tbl WHERE id > 0;
INSERT INTO System.PSPCurrency_Tbl (countryid, pspid, name) VALUES (512, 9, 'NZD');
INSERT INTO System.Country_Tbl (id, name, currency, minmob, maxmob, channel, priceformat, decimals, addr_lookup) VALUES (513, 'New Zealand', 'NZD', '1000', '9999999999', '123', '', 0, false);
INSERT INTO System.PricePoint_Tbl (id, countryid, amount) VALUES (-513, 513, -1);
INSERT INTO System.CardPricing_Tbl (pricepointid, cardid) SELECT -513, id FROM System.Card_Tbl WHERE id > 0;
INSERT INTO System.PSPCurrency_Tbl (countryid, pspid, name) VALUES (513, 9, 'NZD');
INSERT INTO System.Country_Tbl (id, name, currency, minmob, maxmob, channel, priceformat, decimals, addr_lookup) VALUES (514, 'Solomon Islands', 'SBD', '1000', '9999999999', '123', '', 0, false);
INSERT INTO System.PricePoint_Tbl (id, countryid, amount) VALUES (-514, 514, -1);
INSERT INTO System.CardPricing_Tbl (pricepointid, cardid) SELECT -514, id FROM System.Card_Tbl WHERE id > 0;
INSERT INTO System.PSPCurrency_Tbl (countryid, pspid, name) VALUES (514, 9, 'SBD');
INSERT INTO System.Country_Tbl (id, name, currency, minmob, maxmob, channel, priceformat, decimals, addr_lookup) VALUES (515, 'Tonga', 'TOP', '1000', '9999999999', '123', '', 0, false);
INSERT INTO System.PricePoint_Tbl (id, countryid, amount) VALUES (-515, 515, -1);
INSERT INTO System.CardPricing_Tbl (pricepointid, cardid) SELECT -515, id FROM System.Card_Tbl WHERE id > 0;
INSERT INTO System.PSPCurrency_Tbl (countryid, pspid, name) VALUES (515, 9, 'TOP');
INSERT INTO System.Country_Tbl (id, name, currency, minmob, maxmob, channel, priceformat, decimals, addr_lookup) VALUES (516, 'Tuvalu', 'AUD', '1000', '9999999999', '123', '', 0, false);
INSERT INTO System.PricePoint_Tbl (id, countryid, amount) VALUES (-516, 516, -1);
INSERT INTO System.CardPricing_Tbl (pricepointid, cardid) SELECT -516, id FROM System.Card_Tbl WHERE id > 0;
INSERT INTO System.PSPCurrency_Tbl (countryid, pspid, name) VALUES (516, 9, 'AUD');
INSERT INTO System.Country_Tbl (id, name, currency, minmob, maxmob, channel, priceformat, decimals, addr_lookup) VALUES (517, 'Vanuatu', 'VUV', '1000', '9999999999', '123', '', 0, false);
INSERT INTO System.PricePoint_Tbl (id, countryid, amount) VALUES (-517, 517, -1);
INSERT INTO System.CardPricing_Tbl (pricepointid, cardid) SELECT -517, id FROM System.Card_Tbl WHERE id > 0;
INSERT INTO System.PSPCurrency_Tbl (countryid, pspid, name) VALUES (517, 9, 'VUV');
INSERT INTO System.Country_Tbl (id, name, currency, minmob, maxmob, channel, priceformat, decimals, addr_lookup) VALUES (518, 'Wallis and Futuna Islands', 'XPF', '1000', '9999999999', '123', '', 0, false);
INSERT INTO System.PricePoint_Tbl (id, countryid, amount) VALUES (-518, 518, -1);
INSERT INTO System.CardPricing_Tbl (pricepointid, cardid) SELECT -518, id FROM System.Card_Tbl WHERE id > 0;
INSERT INTO System.PSPCurrency_Tbl (countryid, pspid, name) VALUES (518, 9, 'XPF');
INSERT INTO System.Country_Tbl (id, name, currency, minmob, maxmob, channel, priceformat, decimals, addr_lookup) VALUES (519, 'Samoa', 'WST', '1000', '9999999999', '123', '', 0, false);
INSERT INTO System.PricePoint_Tbl (id, countryid, amount) VALUES (-519, 519, -1);
INSERT INTO System.CardPricing_Tbl (pricepointid, cardid) SELECT -519, id FROM System.Card_Tbl WHERE id > 0;
INSERT INTO System.PSPCurrency_Tbl (countryid, pspid, name) VALUES (519, 9, 'WST');
INSERT INTO System.Country_Tbl (id, name, currency, minmob, maxmob, channel, priceformat, decimals, addr_lookup) VALUES (600, 'Abu Dhabi', 'AED', '100000000', '999999999', '123', '', 0, false);
INSERT INTO System.PricePoint_Tbl (id, countryid, amount) VALUES (-600, 600, -1);
INSERT INTO System.CardPricing_Tbl (pricepointid, cardid) SELECT -600, id FROM System.Card_Tbl WHERE id > 0;
INSERT INTO System.PSPCurrency_Tbl (countryid, pspid, name) VALUES (600, 9, 'AED');
INSERT INTO System.Country_Tbl (id, name, currency, minmob, maxmob, channel, priceformat, decimals, addr_lookup) VALUES (601, 'Bahrain', 'BHD', '10000000', '99999999', '123', '', 0, false);
INSERT INTO System.PricePoint_Tbl (id, countryid, amount) VALUES (-601, 601, -1);
INSERT INTO System.CardPricing_Tbl (pricepointid, cardid) SELECT -601, id FROM System.Card_Tbl WHERE id > 0;
INSERT INTO System.PSPCurrency_Tbl (countryid, pspid, name) VALUES (601, 9, 'BHD');
INSERT INTO System.Country_Tbl (id, name, currency, minmob, maxmob, channel, priceformat, decimals, addr_lookup) VALUES (602, 'Dubai', 'AED', '100000000', '999999999', '123', '', 0, false);
INSERT INTO System.PricePoint_Tbl (id, countryid, amount) VALUES (-602, 602, -1);
INSERT INTO System.CardPricing_Tbl (pricepointid, cardid) SELECT -602, id FROM System.Card_Tbl WHERE id > 0;
INSERT INTO System.PSPCurrency_Tbl (countryid, pspid, name) VALUES (602, 9, 'AED');
INSERT INTO System.Country_Tbl (id, name, currency, minmob, maxmob, channel, priceformat, decimals, addr_lookup) VALUES (603, 'India', 'INR', '1000000000', '9999999999', '123', '', 0, false);
INSERT INTO System.PricePoint_Tbl (id, countryid, amount) VALUES (-603, 603, -1);
INSERT INTO System.CardPricing_Tbl (pricepointid, cardid) SELECT -603, id FROM System.Card_Tbl WHERE id > 0;
INSERT INTO System.PSPCurrency_Tbl (countryid, pspid, name) VALUES (603, 9, 'INR');
INSERT INTO System.Country_Tbl (id, name, currency, minmob, maxmob, channel, priceformat, decimals, addr_lookup) VALUES (604, 'Kuwait', 'KWD', '10000000', '99999999', '123', '', 0, false);
INSERT INTO System.PricePoint_Tbl (id, countryid, amount) VALUES (-604, 604, -1);
INSERT INTO System.CardPricing_Tbl (pricepointid, cardid) SELECT -604, id FROM System.Card_Tbl WHERE id > 0;
INSERT INTO System.PSPCurrency_Tbl (countryid, pspid, name) VALUES (604, 9, 'KWD');
INSERT INTO System.Country_Tbl (id, name, currency, minmob, maxmob, channel, priceformat, decimals, addr_lookup) VALUES (605, 'Oman', 'OMR', '10000000', '99999999', '123', '', 0, false);
INSERT INTO System.PricePoint_Tbl (id, countryid, amount) VALUES (-605, 605, -1);
INSERT INTO System.CardPricing_Tbl (pricepointid, cardid) SELECT -605, id FROM System.Card_Tbl WHERE id > 0;
INSERT INTO System.PSPCurrency_Tbl (countryid, pspid, name) VALUES (605, 9, 'OMR');
INSERT INTO System.Country_Tbl (id, name, currency, minmob, maxmob, channel, priceformat, decimals, addr_lookup) VALUES (606, 'Quatar', 'QAR', '1000000', '9999999', '123', '', 0, false);
INSERT INTO System.PricePoint_Tbl (id, countryid, amount) VALUES (-606, 606, -1);
INSERT INTO System.CardPricing_Tbl (pricepointid, cardid) SELECT -606, id FROM System.Card_Tbl WHERE id > 0;
INSERT INTO System.PSPCurrency_Tbl (countryid, pspid, name) VALUES (606, 9, 'QAR');
INSERT INTO System.Country_Tbl (id, name, currency, minmob, maxmob, channel, priceformat, decimals, addr_lookup) VALUES (607, 'Russia', 'RUB', '1000000000', '9999999999', '123', '', 0, false);
INSERT INTO System.PricePoint_Tbl (id, countryid, amount) VALUES (-607, 607, -1);
INSERT INTO System.CardPricing_Tbl (pricepointid, cardid) SELECT -607, id FROM System.Card_Tbl WHERE id > 0;
INSERT INTO System.PSPCurrency_Tbl (countryid, pspid, name) VALUES (607, 9, 'RUB');
INSERT INTO System.Country_Tbl (id, name, currency, minmob, maxmob, channel, priceformat, decimals, addr_lookup) VALUES (608, 'Saudi-Arabia', 'SAR', '10000000', '99999999', '123', '', 0, false);
INSERT INTO System.PricePoint_Tbl (id, countryid, amount) VALUES (-608, 608, -1);
INSERT INTO System.CardPricing_Tbl (pricepointid, cardid) SELECT -608, id FROM System.Card_Tbl WHERE id > 0;
INSERT INTO System.PSPCurrency_Tbl (countryid, pspid, name) VALUES (608, 9, 'SAR');
INSERT INTO System.Country_Tbl (id, name, currency, minmob, maxmob, channel, priceformat, decimals, addr_lookup) VALUES (609, 'China', 'CNY', '10000000000', '99999999999', '123', '', 0, false);
INSERT INTO System.PricePoint_Tbl (id, countryid, amount) VALUES (-609, 609, -1);
INSERT INTO System.CardPricing_Tbl (pricepointid, cardid) SELECT -609, id FROM System.Card_Tbl WHERE id > 0;
INSERT INTO System.PSPCurrency_Tbl (countryid, pspid, name) VALUES (609, 9, 'CNY');
INSERT INTO System.Country_Tbl (id, name, currency, minmob, maxmob, channel, priceformat, decimals, addr_lookup) VALUES (611, 'Azerbaijan', 'AZN', '10000000', '99999999', '123', '', 0, false);
INSERT INTO System.PricePoint_Tbl (id, countryid, amount) VALUES (-611, 611, -1);
INSERT INTO System.CardPricing_Tbl (pricepointid, cardid) SELECT -611, id FROM System.Card_Tbl WHERE id > 0;
INSERT INTO System.PSPCurrency_Tbl (countryid, pspid, name) VALUES (611, 9, 'AZN');
INSERT INTO System.Country_Tbl (id, name, currency, minmob, maxmob, channel, priceformat, decimals, addr_lookup) VALUES (612, 'Bhutan', 'BTN', '10000000', '99999999', '123', '', 0, false);
INSERT INTO System.PricePoint_Tbl (id, countryid, amount) VALUES (-612, 612, -1);
INSERT INTO System.CardPricing_Tbl (pricepointid, cardid) SELECT -612, id FROM System.Card_Tbl WHERE id > 0;
INSERT INTO System.PSPCurrency_Tbl (countryid, pspid, name) VALUES (612, 9, 'BTN');
INSERT INTO System.Country_Tbl (id, name, currency, minmob, maxmob, channel, priceformat, decimals, addr_lookup) VALUES (613, 'Cambodia', 'KHR', '10000000', '99999999', '123', '', 0, false);
INSERT INTO System.PricePoint_Tbl (id, countryid, amount) VALUES (-613, 613, -1);
INSERT INTO System.CardPricing_Tbl (pricepointid, cardid) SELECT -613, id FROM System.Card_Tbl WHERE id > 0;
INSERT INTO System.PSPCurrency_Tbl (countryid, pspid, name) VALUES (613, 9, 'KHR');
INSERT INTO System.Country_Tbl (id, name, currency, minmob, maxmob, channel, priceformat, decimals, addr_lookup) VALUES (614, 'Hong Kong', 'HKD', '10000000', '99999999', '123', '', 0, false);
INSERT INTO System.PricePoint_Tbl (id, countryid, amount) VALUES (-614, 614, -1);
INSERT INTO System.CardPricing_Tbl (pricepointid, cardid) SELECT -614, id FROM System.Card_Tbl WHERE id > 0;
INSERT INTO System.PSPCurrency_Tbl (countryid, pspid, name) VALUES (614, 9, 'HKD');
INSERT INTO System.Country_Tbl (id, name, currency, minmob, maxmob, channel, priceformat, decimals, addr_lookup) VALUES (615, 'Iran', 'IRR', '10000000', '99999999', '123', '', 0, false);
INSERT INTO System.PricePoint_Tbl (id, countryid, amount) VALUES (-615, 615, -1);
INSERT INTO System.CardPricing_Tbl (pricepointid, cardid) SELECT -615, id FROM System.Card_Tbl WHERE id > 0;
INSERT INTO System.PSPCurrency_Tbl (countryid, pspid, name) VALUES (615, 9, 'IRR');
INSERT INTO System.Country_Tbl (id, name, currency, minmob, maxmob, channel, priceformat, decimals, addr_lookup) VALUES (616, 'Japan', 'JPY', '1000000000', '9999999999', '123', '', 0, false);
INSERT INTO System.PricePoint_Tbl (id, countryid, amount) VALUES (-616, 616, -1);
INSERT INTO System.CardPricing_Tbl (pricepointid, cardid) SELECT -616, id FROM System.Card_Tbl WHERE id > 0;
INSERT INTO System.PSPCurrency_Tbl (countryid, pspid, name) VALUES (616, 9, 'JPY');
INSERT INTO System.Country_Tbl (id, name, currency, minmob, maxmob, channel, priceformat, decimals, addr_lookup) VALUES (617, 'Jordan', 'JOD', '10000000', '99999999', '123', '', 0, false);
INSERT INTO System.PricePoint_Tbl (id, countryid, amount) VALUES (-617, 617, -1);
INSERT INTO System.CardPricing_Tbl (pricepointid, cardid) SELECT -617, id FROM System.Card_Tbl WHERE id > 0;
INSERT INTO System.PSPCurrency_Tbl (countryid, pspid, name) VALUES (617, 9, 'JOD');
INSERT INTO System.Country_Tbl (id, name, currency, minmob, maxmob, channel, priceformat, decimals, addr_lookup) VALUES (618, 'Kazakhstan', 'KZT', '10000000', '99999999', '123', '', 0, false);
INSERT INTO System.PricePoint_Tbl (id, countryid, amount) VALUES (-618, 618, -1);
INSERT INTO System.CardPricing_Tbl (pricepointid, cardid) SELECT -618, id FROM System.Card_Tbl WHERE id > 0;
INSERT INTO System.PSPCurrency_Tbl (countryid, pspid, name) VALUES (618, 9, 'KZT');
INSERT INTO System.Country_Tbl (id, name, currency, minmob, maxmob, channel, priceformat, decimals, addr_lookup) VALUES (619, 'Kyrgyzstan', 'KGS', '10000000', '99999999', '123', '', 0, false);
INSERT INTO System.PricePoint_Tbl (id, countryid, amount) VALUES (-619, 619, -1);
INSERT INTO System.CardPricing_Tbl (pricepointid, cardid) SELECT -619, id FROM System.Card_Tbl WHERE id > 0;
INSERT INTO System.PSPCurrency_Tbl (countryid, pspid, name) VALUES (619, 9, 'KGS');
INSERT INTO System.Country_Tbl (id, name, currency, minmob, maxmob, channel, priceformat, decimals, addr_lookup) VALUES (620, 'Lao P.D.R.', 'LAK', '10000000', '99999999', '123', '', 0, false);
INSERT INTO System.PricePoint_Tbl (id, countryid, amount) VALUES (-620, 620, -1);
INSERT INTO System.CardPricing_Tbl (pricepointid, cardid) SELECT -620, id FROM System.Card_Tbl WHERE id > 0;
INSERT INTO System.PSPCurrency_Tbl (countryid, pspid, name) VALUES (620, 9, 'LAK');
INSERT INTO System.Country_Tbl (id, name, currency, minmob, maxmob, channel, priceformat, decimals, addr_lookup) VALUES (621, 'Lebanon', 'LBP', '10000000', '99999999', '123', '', 0, false);
INSERT INTO System.PricePoint_Tbl (id, countryid, amount) VALUES (-621, 621, -1);
INSERT INTO System.CardPricing_Tbl (pricepointid, cardid) SELECT -621, id FROM System.Card_Tbl WHERE id > 0;
INSERT INTO System.PSPCurrency_Tbl (countryid, pspid, name) VALUES (621, 9, 'LBP');
INSERT INTO System.Country_Tbl (id, name, currency, minmob, maxmob, channel, priceformat, decimals, addr_lookup) VALUES (622, 'Macao', 'MOP', '1000000000', '9999999999', '123', '', 0, false);
INSERT INTO System.PricePoint_Tbl (id, countryid, amount) VALUES (-622, 622, -1);
INSERT INTO System.CardPricing_Tbl (pricepointid, cardid) SELECT -622, id FROM System.Card_Tbl WHERE id > 0;
INSERT INTO System.PSPCurrency_Tbl (countryid, pspid, name) VALUES (622, 9, 'MOP');
INSERT INTO System.Country_Tbl (id, name, currency, minmob, maxmob, channel, priceformat, decimals, addr_lookup) VALUES (623, 'Maldives', 'MVR', '10000000', '99999999', '123', '', 0, false);
INSERT INTO System.PricePoint_Tbl (id, countryid, amount) VALUES (-623, 623, -1);
INSERT INTO System.CardPricing_Tbl (pricepointid, cardid) SELECT -623, id FROM System.Card_Tbl WHERE id > 0;
INSERT INTO System.PSPCurrency_Tbl (countryid, pspid, name) VALUES (623, 9, 'MVR');
INSERT INTO System.Country_Tbl (id, name, currency, minmob, maxmob, channel, priceformat, decimals, addr_lookup) VALUES (624, 'Mongolia', 'MNT', '10000000', '99999999', '123', '', 0, false);
INSERT INTO System.PricePoint_Tbl (id, countryid, amount) VALUES (-624, 624, -1);
INSERT INTO System.CardPricing_Tbl (pricepointid, cardid) SELECT -624, id FROM System.Card_Tbl WHERE id > 0;
INSERT INTO System.PSPCurrency_Tbl (countryid, pspid, name) VALUES (624, 9, 'MNT');
INSERT INTO System.Country_Tbl (id, name, currency, minmob, maxmob, channel, priceformat, decimals, addr_lookup) VALUES (625, 'Burma', 'MMK', '1000', '9999999999', '123', '', 0, false);
INSERT INTO System.PricePoint_Tbl (id, countryid, amount) VALUES (-625, 625, -1);
INSERT INTO System.CardPricing_Tbl (pricepointid, cardid) SELECT -625, id FROM System.Card_Tbl WHERE id > 0;
INSERT INTO System.PSPCurrency_Tbl (countryid, pspid, name) VALUES (625, 9, 'MMK');
INSERT INTO System.Country_Tbl (id, name, currency, minmob, maxmob, channel, priceformat, decimals, addr_lookup) VALUES (626, 'Diego Garcia', 'USD', '1000', '9999999999', '123', '', 0, false);
INSERT INTO System.PricePoint_Tbl (id, countryid, amount) VALUES (-626, 626, -1);
INSERT INTO System.CardPricing_Tbl (pricepointid, cardid) SELECT -626, id FROM System.Card_Tbl WHERE id > 0;
INSERT INTO System.PSPCurrency_Tbl (countryid, pspid, name) VALUES (626, 9, 'USD');
INSERT INTO System.Country_Tbl (id, name, currency, minmob, maxmob, channel, priceformat, decimals, addr_lookup) VALUES (627, 'Guam', 'USD', '1000', '9999999999', '123', '', 0, false);
INSERT INTO System.PricePoint_Tbl (id, countryid, amount) VALUES (-627, 627, -1);
INSERT INTO System.CardPricing_Tbl (pricepointid, cardid) SELECT -627, id FROM System.Card_Tbl WHERE id > 0;
INSERT INTO System.PSPCurrency_Tbl (countryid, pspid, name) VALUES (627, 9, 'USD');
INSERT INTO System.Country_Tbl (id, name, currency, minmob, maxmob, channel, priceformat, decimals, addr_lookup) VALUES (628, 'Iraq', 'IQD', '1000', '9999999999', '123', '', 0, false);
INSERT INTO System.PricePoint_Tbl (id, countryid, amount) VALUES (-628, 628, -1);
INSERT INTO System.CardPricing_Tbl (pricepointid, cardid) SELECT -628, id FROM System.Card_Tbl WHERE id > 0;
INSERT INTO System.PSPCurrency_Tbl (countryid, pspid, name) VALUES (628, 9, 'IQD');
INSERT INTO System.Country_Tbl (id, name, currency, minmob, maxmob, channel, priceformat, decimals, addr_lookup) VALUES (629, 'Kerguelen Archipelago', 'EUR', '1000', '9999999999', '123', '', 0, false);
INSERT INTO System.PricePoint_Tbl (id, countryid, amount) VALUES (-629, 629, -1);
INSERT INTO System.CardPricing_Tbl (pricepointid, cardid) SELECT -629, id FROM System.Card_Tbl WHERE id > 0;
INSERT INTO System.PSPCurrency_Tbl (countryid, pspid, name) VALUES (629, 9, 'EUR');
INSERT INTO System.Country_Tbl (id, name, currency, minmob, maxmob, channel, priceformat, decimals, addr_lookup) VALUES (630, 'Kiribati', 'AUD', '1000', '9999999999', '123', '', 0, false);
INSERT INTO System.PricePoint_Tbl (id, countryid, amount) VALUES (-630, 630, -1);
INSERT INTO System.CardPricing_Tbl (pricepointid, cardid) SELECT -630, id FROM System.Card_Tbl WHERE id > 0;
INSERT INTO System.PSPCurrency_Tbl (countryid, pspid, name) VALUES (630, 9, 'AUD');
INSERT INTO System.Country_Tbl (id, name, currency, minmob, maxmob, channel, priceformat, decimals, addr_lookup) VALUES (631, 'North Korea', 'KPW', '1000', '9999999999', '123', '', 0, false);
INSERT INTO System.PricePoint_Tbl (id, countryid, amount) VALUES (-631, 631, -1);
INSERT INTO System.CardPricing_Tbl (pricepointid, cardid) SELECT -631, id FROM System.Card_Tbl WHERE id > 0;
INSERT INTO System.PSPCurrency_Tbl (countryid, pspid, name) VALUES (631, 9, 'KPW');
INSERT INTO System.Country_Tbl (id, name, currency, minmob, maxmob, channel, priceformat, decimals, addr_lookup) VALUES (632, 'South Korea', 'KRW', '1000', '9999999999', '123', '', 0, false);
INSERT INTO System.PricePoint_Tbl (id, countryid, amount) VALUES (-632, 632, -1);
INSERT INTO System.CardPricing_Tbl (pricepointid, cardid) SELECT -632, id FROM System.Card_Tbl WHERE id > 0;
INSERT INTO System.PSPCurrency_Tbl (countryid, pspid, name) VALUES (632, 9, 'KRW');
INSERT INTO System.Country_Tbl (id, name, currency, minmob, maxmob, channel, priceformat, decimals, addr_lookup) VALUES (633, 'Kazakstan', 'KZT', '1000', '9999999999', '123', '', 0, false);
INSERT INTO System.PricePoint_Tbl (id, countryid, amount) VALUES (-633, 633, -1);
INSERT INTO System.CardPricing_Tbl (pricepointid, cardid) SELECT -633, id FROM System.Card_Tbl WHERE id > 0;
INSERT INTO System.PSPCurrency_Tbl (countryid, pspid, name) VALUES (633, 9, 'KZT');
INSERT INTO System.Country_Tbl (id, name, currency, minmob, maxmob, channel, priceformat, decimals, addr_lookup) VALUES (634, 'Sri Lanka', 'LKR', '1000', '9999999999', '123', '', 0, false);
INSERT INTO System.PricePoint_Tbl (id, countryid, amount) VALUES (-634, 634, -1);
INSERT INTO System.CardPricing_Tbl (pricepointid, cardid) SELECT -634, id FROM System.Card_Tbl WHERE id > 0;
INSERT INTO System.PSPCurrency_Tbl (countryid, pspid, name) VALUES (634, 9, 'LKR');
INSERT INTO System.Country_Tbl (id, name, currency, minmob, maxmob, channel, priceformat, decimals, addr_lookup) VALUES (635, 'Marshall Islands', 'USD', '1000', '9999999999', '123', '', 0, false);
INSERT INTO System.PricePoint_Tbl (id, countryid, amount) VALUES (-635, 635, -1);
INSERT INTO System.CardPricing_Tbl (pricepointid, cardid) SELECT -635, id FROM System.Card_Tbl WHERE id > 0;
INSERT INTO System.PSPCurrency_Tbl (countryid, pspid, name) VALUES (635, 9, 'USD');
INSERT INTO System.Country_Tbl (id, name, currency, minmob, maxmob, channel, priceformat, decimals, addr_lookup) VALUES (636, 'Macau', 'MOP', '1000', '9999999999', '123', '', 0, false);
INSERT INTO System.PricePoint_Tbl (id, countryid, amount) VALUES (-636, 636, -1);
INSERT INTO System.CardPricing_Tbl (pricepointid, cardid) SELECT -636, id FROM System.Card_Tbl WHERE id > 0;
INSERT INTO System.PSPCurrency_Tbl (countryid, pspid, name) VALUES (636, 9, 'MOP');
INSERT INTO System.Country_Tbl (id, name, currency, minmob, maxmob, channel, priceformat, decimals, addr_lookup) VALUES (637, 'Northern Mariana Islands', 'USD', '1000', '9999999999', '123', '', 0, false);
INSERT INTO System.PricePoint_Tbl (id, countryid, amount) VALUES (-637, 637, -1);
INSERT INTO System.CardPricing_Tbl (pricepointid, cardid) SELECT -637, id FROM System.Card_Tbl WHERE id > 0;
INSERT INTO System.PSPCurrency_Tbl (countryid, pspid, name) VALUES (637, 9, 'USD');
INSERT INTO System.Country_Tbl (id, name, currency, minmob, maxmob, channel, priceformat, decimals, addr_lookup) VALUES (638, 'Malaysia', 'MYR', '1000', '9999999999', '123', '', 0, false);
INSERT INTO System.PricePoint_Tbl (id, countryid, amount) VALUES (-638, 638, -1);
INSERT INTO System.CardPricing_Tbl (pricepointid, cardid) SELECT -638, id FROM System.Card_Tbl WHERE id > 0;
INSERT INTO System.PSPCurrency_Tbl (countryid, pspid, name) VALUES (638, 9, 'MYR');
INSERT INTO System.Country_Tbl (id, name, currency, minmob, maxmob, channel, priceformat, decimals, addr_lookup) VALUES (639, 'Nepal', 'NPR', '1000', '9999999999', '123', '', 0, false);
INSERT INTO System.PricePoint_Tbl (id, countryid, amount) VALUES (-639, 639, -1);
INSERT INTO System.CardPricing_Tbl (pricepointid, cardid) SELECT -639, id FROM System.Card_Tbl WHERE id > 0;
INSERT INTO System.PSPCurrency_Tbl (countryid, pspid, name) VALUES (639, 9, 'NPR');
INSERT INTO System.Country_Tbl (id, name, currency, minmob, maxmob, channel, priceformat, decimals, addr_lookup) VALUES (640, 'Philippines', 'PHP', '1000', '9999999999', '123', '', 0, false);
INSERT INTO System.PricePoint_Tbl (id, countryid, amount) VALUES (-640, 640, -1);
INSERT INTO System.CardPricing_Tbl (pricepointid, cardid) SELECT -640, id FROM System.Card_Tbl WHERE id > 0;
INSERT INTO System.PSPCurrency_Tbl (countryid, pspid, name) VALUES (640, 9, 'PHP');
INSERT INTO System.Country_Tbl (id, name, currency, minmob, maxmob, channel, priceformat, decimals, addr_lookup) VALUES (641, 'Palau', 'USD', '1000', '9999999999', '123', '', 0, false);
INSERT INTO System.PricePoint_Tbl (id, countryid, amount) VALUES (-641, 641, -1);
INSERT INTO System.CardPricing_Tbl (pricepointid, cardid) SELECT -641, id FROM System.Card_Tbl WHERE id > 0;
INSERT INTO System.PSPCurrency_Tbl (countryid, pspid, name) VALUES (641, 9, 'USD');
INSERT INTO System.Country_Tbl (id, name, currency, minmob, maxmob, channel, priceformat, decimals, addr_lookup) VALUES (642, 'Singapore', 'SGD', '1000', '9999999999', '123', '', 0, false);
INSERT INTO System.PricePoint_Tbl (id, countryid, amount) VALUES (-642, 642, -1);
INSERT INTO System.CardPricing_Tbl (pricepointid, cardid) SELECT -642, id FROM System.Card_Tbl WHERE id > 0;
INSERT INTO System.PSPCurrency_Tbl (countryid, pspid, name) VALUES (642, 9, 'SGD');
INSERT INTO System.Country_Tbl (id, name, currency, minmob, maxmob, channel, priceformat, decimals, addr_lookup) VALUES (643, 'Syrian Arab Republic', 'SYP', '1000', '9999999999', '123', '', 0, false);
INSERT INTO System.PricePoint_Tbl (id, countryid, amount) VALUES (-643, 643, -1);
INSERT INTO System.CardPricing_Tbl (pricepointid, cardid) SELECT -643, id FROM System.Card_Tbl WHERE id > 0;
INSERT INTO System.PSPCurrency_Tbl (countryid, pspid, name) VALUES (643, 9, 'SYP');
INSERT INTO System.Country_Tbl (id, name, currency, minmob, maxmob, channel, priceformat, decimals, addr_lookup) VALUES (644, 'Thailand', 'THB', '1000', '9999999999', '123', '', 0, false);
INSERT INTO System.PricePoint_Tbl (id, countryid, amount) VALUES (-644, 644, -1);
INSERT INTO System.CardPricing_Tbl (pricepointid, cardid) SELECT -644, id FROM System.Card_Tbl WHERE id > 0;
INSERT INTO System.PSPCurrency_Tbl (countryid, pspid, name) VALUES (644, 9, 'THB');
INSERT INTO System.Country_Tbl (id, name, currency, minmob, maxmob, channel, priceformat, decimals, addr_lookup) VALUES (645, 'Turkmenistan', 'TMT', '1000', '9999999999', '123', '', 0, false);
INSERT INTO System.PricePoint_Tbl (id, countryid, amount) VALUES (-645, 645, -1);
INSERT INTO System.CardPricing_Tbl (pricepointid, cardid) SELECT -645, id FROM System.Card_Tbl WHERE id > 0;
INSERT INTO System.PSPCurrency_Tbl (countryid, pspid, name) VALUES (645, 9, 'TMT');
INSERT INTO System.Country_Tbl (id, name, currency, minmob, maxmob, channel, priceformat, decimals, addr_lookup) VALUES (646, 'Taiwan', 'TWD', '1000', '9999999999', '123', '', 0, false);
INSERT INTO System.PricePoint_Tbl (id, countryid, amount) VALUES (-646, 646, -1);
INSERT INTO System.CardPricing_Tbl (pricepointid, cardid) SELECT -646, id FROM System.Card_Tbl WHERE id > 0;
INSERT INTO System.PSPCurrency_Tbl (countryid, pspid, name) VALUES (646, 9, 'TWD');
INSERT INTO System.Country_Tbl (id, name, currency, minmob, maxmob, channel, priceformat, decimals, addr_lookup) VALUES (647, 'United Arab Emirates', 'AED', '1000', '9999999999', '123', '', 0, false);
INSERT INTO System.PricePoint_Tbl (id, countryid, amount) VALUES (-647, 647, -1);
INSERT INTO System.CardPricing_Tbl (pricepointid, cardid) SELECT -647, id FROM System.Card_Tbl WHERE id > 0;
INSERT INTO System.PSPCurrency_Tbl (countryid, pspid, name) VALUES (647, 9, 'AED');
INSERT INTO System.Country_Tbl (id, name, currency, minmob, maxmob, channel, priceformat, decimals, addr_lookup) VALUES (648, 'Uzbekistan', 'UZS', '1000', '9999999999', '123', '', 0, false);
INSERT INTO System.PricePoint_Tbl (id, countryid, amount) VALUES (-648, 648, -1);
INSERT INTO System.CardPricing_Tbl (pricepointid, cardid) SELECT -648, id FROM System.Card_Tbl WHERE id > 0;
INSERT INTO System.PSPCurrency_Tbl (countryid, pspid, name) VALUES (648, 9, 'UZS');
INSERT INTO System.Country_Tbl (id, name, currency, minmob, maxmob, channel, priceformat, decimals, addr_lookup) VALUES (649, 'Vietnam', 'VND', '1000', '9999999999', '123', '', 0, false);
INSERT INTO System.PricePoint_Tbl (id, countryid, amount) VALUES (-649, 649, -1);
INSERT INTO System.CardPricing_Tbl (pricepointid, cardid) SELECT -649, id FROM System.Card_Tbl WHERE id > 0;
INSERT INTO System.PSPCurrency_Tbl (countryid, pspid, name) VALUES (649, 9, 'VND');
INSERT INTO System.Country_Tbl (id, name, currency, minmob, maxmob, channel, priceformat, decimals, addr_lookup) VALUES (650, 'Yemen', 'YER', '1000', '9999999999', '123', '', 0, false);
INSERT INTO System.PricePoint_Tbl (id, countryid, amount) VALUES (-650, 650, -1);
INSERT INTO System.CardPricing_Tbl (pricepointid, cardid) SELECT -650, id FROM System.Card_Tbl WHERE id > 0;
INSERT INTO System.PSPCurrency_Tbl (countryid, pspid, name) VALUES (650, 9, 'YER');
UPDATE System.Country_Tbl SET symbol = '' WHERE currency = 'EUR';
UPDATE System.Country_Tbl SET symbol = '$' WHERE currency = 'USD';
UPDATE System.Country_Tbl SET symbol = '£' WHERE currency = 'GBP';

INSERT INTO System.State_Tbl (id, countryid, code) SELECT id * -1, id, 'N/A' FROM System.Country_Tbl WHERE id NOT IN (SELECT countryid FROM System.State_Tbl);